<People>
  <Person Id="1" FirstName="Amiee" LastName="Avala" EMail="Avala@antenatal.com" />
  <Person Id="2" FirstName="Mike" LastName="Peer" EMail="Peer@provoking.com" />
  <Person Id="3" FirstName="Shaniqua" LastName="Soos" EMail="Soos@step.com" />
  <Person Id="4" FirstName="Kary" LastName="Kulesa" EMail="Kulesa@kittens.com" />
  <Person Id="5" FirstName="Erna" LastName="Fouty" EMail="Fouty@epidermis.com" />
  <Person Id="6" FirstName="Soon" LastName="Swailes" EMail="Swailes@tallboy.com" />
  <Person Id="7" FirstName="Estella" LastName="Freemantle" EMail="Freemantle@eruptive.com" />
  <Person Id="8" FirstName="Lorrine" LastName="Meeter" EMail="Meeter@oddly.com" />
  <Person Id="9" FirstName="Lovetta" LastName="Mendolia" EMail="Mendolia@opalescent.com" />
  <Person Id="10" FirstName="Ellis" LastName="Felice" EMail="Felice@elector.com" />
  <Person Id="11" FirstName="Pearline" LastName="Roback" EMail="Roback@romantic.com" />
  <Person Id="12" FirstName="Oscar" LastName="Rell" EMail="Rell@retarded.com" />
  <Person Id="13" FirstName="Malka" LastName="Morrero" EMail="Morrero@parses.com" />
  <Person Id="14" FirstName="Loria" LastName="Mcroberts" EMail="Mcroberts@obscurer.com" />
  <Person Id="15" FirstName="Lisha" LastName="Mcdearman" EMail="Mcdearman@nightcap.com" />
  <Person Id="16" FirstName="Shannan" LastName="Soricelli" EMail="Soricelli@sterile.com" />
  <Person Id="17" FirstName="Charity" LastName="Cervin" EMail="Cervin@clinics.com" />
  <Person Id="18" FirstName="Hazel" LastName="Harken" EMail="Harken@gibberish.com" />
  <Person Id="19" FirstName="Afton" LastName="Aiton" EMail="Aiton@acids.com" />
  <Person Id="20" FirstName="Candance" LastName="Bulliner" EMail="Bulliner@cantaloupe.com" />
  <Person Id="21" FirstName="Thresa" LastName="Uhrmacher" EMail="Uhrmacher@tusker.com" />
  <Person Id="22" FirstName="Karl" LastName="Krukiel" EMail="Krukiel@kegs.com" />
  <Person Id="23" FirstName="Nevada" LastName="Prosak" EMail="Prosak@reeds.com" />
  <Person Id="24" FirstName="Alida" LastName="Anttila" EMail="Anttila@aliases.com" />
  <Person Id="25" FirstName="Lean" LastName="Malachowski" EMail="Malachowski@misogynistic.com" />
  <Person Id="26" FirstName="Kerry" LastName="Layell" EMail="Layell@lingual.com" />
  <Person Id="27" FirstName="Adela" LastName="Adair" EMail="Adair@abstainers.com" />
  <Person Id="28" FirstName="Lan" LastName="Lohrman" EMail="Lohrman@marvellously.com" />
  <Person Id="29" FirstName="Robert" LastName="Schlesinger" EMail="Schlesinger@shortage.com" />
  <Person Id="30" FirstName="Milissa" LastName="Penman" EMail="Penman@puffins.com" />
  <Person Id="31" FirstName="Jefferson" LastName="Jeminez" EMail="Jeminez@illiquid.com" />
  <Person Id="32" FirstName="Pearle" LastName="Rizvi" EMail="Rizvi@roguish.com" />
  <Person Id="33" FirstName="Gaston" LastName="Goldston" EMail="Goldston@flavoured.com" />
  <Person Id="34" FirstName="Pandora" LastName="Richan" EMail="Richan@rewriting.com" />
  <Person Id="35" FirstName="Daine" LastName="Damasco" EMail="Damasco@criticise.com" />
  <Person Id="36" FirstName="Cristin" LastName="Curra" EMail="Curra@cracking.com" />
  <Person Id="37" FirstName="Ruthie" LastName="Shierling" EMail="Shierling@soil.com" />
  <Person Id="38" FirstName="Antony" LastName="Battersby" EMail="Battersby@attends.com" />
  <Person Id="39" FirstName="Pedro" LastName="Robert" EMail="Robert@roofless.com" />
  <Person Id="40" FirstName="Angelita" LastName="Ballagas" EMail="Ballagas@archbishops.com" />
  <Person Id="41" FirstName="Artie" LastName="Benimadho" EMail="Benimadho@bangkok.com" />
  <Person Id="42" FirstName="Randall" LastName="Ruthven" EMail="Ruthven@schoolmates.com" />
  <Person Id="43" FirstName="Monique" LastName="Pierrott" EMail="Pierrott@racked.com" />
  <Person Id="44" FirstName="Enid" LastName="Foddrill" EMail="Foddrill@ennui.com" />
  <Person Id="45" FirstName="Silvana" LastName="Stryjewski" EMail="Stryjewski@sweetens.com" />
  <Person Id="46" FirstName="Dion" LastName="Drexler" EMail="Drexler@diluted.com" />
  <Person Id="47" FirstName="Gilda" LastName="Grizzell" EMail="Grizzell@foulest.com" />
  <Person Id="48" FirstName="Roscoe" LastName="Seidlitz" EMail="Seidlitz@slasher.com" />
  <Person Id="49" FirstName="Tenesha" LastName="Treese" EMail="Treese@transmogrifies.com" />
  <Person Id="50" FirstName="Roselia" LastName="Selissen" EMail="Selissen@sleepily.com" />
  <Person Id="51" FirstName="Serena" LastName="Smalling" EMail="Smalling@stables.com" />
  <Person Id="52" FirstName="Karleen" LastName="Kruzan" EMail="Kruzan@kettles.com" />
  <Person Id="53" FirstName="Roscoe" LastName="Seidensticker" EMail="Seidensticker@slapper.com" />
  <Person Id="54" FirstName="Adan" LastName="Ackerson" EMail="Ackerson@absolutely.com" />
  <Person Id="55" FirstName="Rene" LastName="Sarantakis" EMail="Sarantakis@sensing.com" />
  <Person Id="56" FirstName="Lavone" LastName="Magnie" EMail="Magnie@minutes.com" />
  <Person Id="57" FirstName="Vivian" LastName="Wiebold" EMail="Wiebold@vodka.com" />
  <Person Id="58" FirstName="Sabina" LastName="Shinaberry" EMail="Shinaberry@soliciting.com" />
  <Person Id="59" FirstName="Tracey" LastName="Velardes" EMail="Velardes@unenthusiastic.com" />
  <Person Id="60" FirstName="Rivka" LastName="Schibi" EMail="Schibi@shipmate.com" />
  <Person Id="61" FirstName="Sofia" LastName="Sukhram" EMail="Sukhram@synchronise.com" />
  <Person Id="62" FirstName="Randy" LastName="Ryhal" EMail="Ryhal@scorches.com" />
  <Person Id="63" FirstName="Rory" LastName="Scovil" EMail="Scovil@sire.com" />
  <Person Id="64" FirstName="Teri" LastName="Trnka" EMail="Trnka@trencher.com" />
  <Person Id="65" FirstName="Shaunna" LastName="Squitieri" EMail="Squitieri@strike.com" />
  <Person Id="66" FirstName="Abbey" LastName="Abasta" EMail="Abasta@abbot.com" />
  <Person Id="67" FirstName="Isa" LastName="Hoaglund" EMail="Hoaglund@harassed.com" />
  <Person Id="68" FirstName="Stacee" LastName="Swedberg" EMail="Swedberg@tantalisingly.com" />
  <Person Id="69" FirstName="Hyon" LastName="Hereda" EMail="Hereda@growling.com" />
  <Person Id="70" FirstName="Hortense" LastName="Hellinger" EMail="Hellinger@greatcoat.com" />
  <Person Id="71" FirstName="Alisia" LastName="Arabajian" EMail="Arabajian@alley.com" />
  <Person Id="72" FirstName="Blondell" LastName="Boucher" EMail="Boucher@botswana.com" />
  <Person Id="73" FirstName="Malvina" LastName="Moschella" EMail="Moschella@particularity.com" />
  <Person Id="74" FirstName="Violeta" LastName="Whiten" EMail="Whiten@violates.com" />
  <Person Id="75" FirstName="Arcelia" LastName="Bayot" EMail="Bayot@auric.com" />
  <Person Id="76" FirstName="Charissa" LastName="Cerone" EMail="Cerone@climaxed.com" />
  <Person Id="77" FirstName="Rigoberto" LastName="Scheck" EMail="Scheck@sheer.com" />
  <Person Id="78" FirstName="Janette" LastName="Idell" EMail="Idell@horseplay.com" />
  <Person Id="79" FirstName="Charolette" LastName="Chatlos" EMail="Chatlos@coauthor.com" />
  <Person Id="80" FirstName="Evie" LastName="Gajda" EMail="Gajda@exhibited.com" />
  <Person Id="81" FirstName="Chelsea" LastName="Cherry" EMail="Cherry@coercing.com" />
  <Person Id="82" FirstName="Dagny" LastName="Dalka" EMail="Dalka@crimping.com" />
  <Person Id="83" FirstName="Many" LastName="Mraw" EMail="Mraw@pathway.com" />
  <Person Id="84" FirstName="Yaeko" LastName="Yellock" EMail="Yellock@wildeyed.com" />
  <Person Id="85" FirstName="Shawna" LastName="Stambaugh" EMail="Stambaugh@studier.com" />
  <Person Id="86" FirstName="Valene" LastName="Wagman" EMail="Wagman@unsteadily.com" />
  <Person Id="87" FirstName="Ursula" LastName="Vranes" EMail="Vranes@unseal.com" />
  <Person Id="88" FirstName="Gail" LastName="Glugla" EMail="Glugla@fishmongers.com" />
  <Person Id="89" FirstName="Vilma" LastName="Weyhrauch" EMail="Weyhrauch@victimisation.com" />
  <Person Id="90" FirstName="Marsha" LastName="Noth" EMail="Noth@playmate.com" />
  <Person Id="91" FirstName="Delmer" LastName="Dieterle" EMail="Dieterle@demonstrators.com" />
  <Person Id="92" FirstName="Zonia" LastName="Zumwalt" EMail="Zumwalt@zesty.com" />
  <Person Id="93" FirstName="Cami" LastName="Buesgens" EMail="Buesgens@cancelling.com" />
  <Person Id="94" FirstName="Vicky" LastName="Wess" EMail="Wess@verve.com" />
  <Person Id="95" FirstName="Clarence" LastName="Colford" EMail="Colford@cones.com" />
  <Person Id="96" FirstName="Epifania" LastName="Follmer" EMail="Follmer@enslave.com" />
  <Person Id="97" FirstName="Voncile" LastName="Wiesneski" EMail="Wiesneski@vomit.com" />
  <Person Id="98" FirstName="Rhett" LastName="Sayko" EMail="Sayko@sexes.com" />
  <Person Id="99" FirstName="Jesus" LastName="Kappes" EMail="Kappes@incredibly.com" />
  <Person Id="100" FirstName="Sigrid" LastName="Strout" EMail="Strout@sweats.com" />
  <Person Id="101" FirstName="Shantay" LastName="Soulliere" EMail="Soulliere@stigmatise.com" />
  <Person Id="102" FirstName="Justin" LastName="Koralewski" EMail="Koralewski@jacked.com" />
  <Person Id="103" FirstName="Jamal" LastName="Huebsch" EMail="Huebsch@hip.com" />
  <Person Id="104" FirstName="Kristle" LastName="Lichtman" EMail="Lichtman@macrobiotic.com" />
  <Person Id="105" FirstName="Renee" LastName="Sarkodie" EMail="Sarkodie@sentimentality.com" />
  <Person Id="106" FirstName="Opal" LastName="Reichle" EMail="Reichle@responsive.com" />
  <Person Id="107" FirstName="Shirleen" LastName="Stoss" EMail="Stoss@suppressed.com" />
  <Person Id="108" FirstName="Shanell" LastName="Somji" EMail="Somji@steelclad.com" />
  <Person Id="109" FirstName="Valda" LastName="Waetzig" EMail="Waetzig@unsound.com" />
  <Person Id="110" FirstName="Margarette" LastName="Myking" EMail="Myking@perambulating.com" />
  <Person Id="111" FirstName="Qiana" LastName="Rouisse" EMail="Rouisse@sanctuary.com" />
  <Person Id="112" FirstName="Lauretta" LastName="Machak" EMail="Machak@midwinter.com" />
  <Person Id="113" FirstName="Maynard" LastName="Ortner" EMail="Ortner@prawn.com" />
  <Person Id="114" FirstName="Manie" LastName="Mousel" EMail="Mousel@patched.com" />
  <Person Id="115" FirstName="Margret" LastName="Nardella" EMail="Nardella@permutes.com" />
  <Person Id="116" FirstName="Meri" LastName="Panis" EMail="Panis@privileged.com" />
  <Person Id="117" FirstName="Celine" LastName="Castelli" EMail="Castelli@circumscribe.com" />
  <Person Id="118" FirstName="Rufus" LastName="Sheinberg" EMail="Sheinberg@snuffles.com" />
  <Person Id="119" FirstName="Arlen" LastName="Behlke" EMail="Behlke@babyface.com" />
  <Person Id="120" FirstName="Tanja" LastName="Toldness" EMail="Toldness@topsyturvy.com" />
  <Person Id="121" FirstName="Anya" LastName="Baudler" EMail="Baudler@attorneys.com" />
  <Person Id="122" FirstName="Art" LastName="Benedetti" EMail="Benedetti@bananas.com" />
  <Person Id="123" FirstName="Terrie" LastName="Trumbull" EMail="Trumbull@trimmed.com" />
  <Person Id="124" FirstName="Ozie" LastName="Rester" EMail="Rester@revamps.com" />
  <Person Id="125" FirstName="Cherri" LastName="Chitwood" EMail="Chitwood@collectivist.com" />
  <Person Id="126" FirstName="Aliza" LastName="Arcea" EMail="Arcea@alludes.com" />
  <Person Id="127" FirstName="Willard" LastName="Wollman" EMail="Wollman@weedkiller.com" />
  <Person Id="128" FirstName="Maurice" LastName="Onishea" EMail="Onishea@postbag.com" />
  <Person Id="129" FirstName="Rochel" LastName="Schneeberger" EMail="Schneeberger@shredding.com" />
  <Person Id="130" FirstName="Preston" LastName="Ross" EMail="Ross@salesmen.com" />
  <Person Id="131" FirstName="Colin" LastName="Cottillion" EMail="Cottillion@contrite.com" />
  <Person Id="132" FirstName="Adela" LastName="Acri" EMail="Acri@absorptions.com" />
  <Person Id="133" FirstName="Wilber" LastName="Wittbrodt" EMail="Wittbrodt@wattage.com" />
  <Person Id="134" FirstName="Elvie" LastName="Figg" EMail="Figg@emergent.com" />
  <Person Id="135" FirstName="Juanita" LastName="Knappenberger" EMail="Knappenberger@intrusive.com" />
  <Person Id="136" FirstName="Michelle" LastName="Paxman" EMail="Paxman@prostate.com" />
  <Person Id="137" FirstName="Reynaldo" LastName="Savko" EMail="Savko@sevenfold.com" />
  <Person Id="138" FirstName="Brain" LastName="Brailey" EMail="Brailey@breakdowns.com" />
  <Person Id="139" FirstName="Dania" LastName="Davidsen" EMail="Davidsen@cuboid.com" />
  <Person Id="140" FirstName="Bryce" LastName="Browne" EMail="Browne@butterfly.com" />
  <Person Id="141" FirstName="Benita" LastName="Bloodworth" EMail="Bloodworth@bishopric.com" />
  <Person Id="142" FirstName="Brian" LastName="Breitling" EMail="Breitling@brooms.com" />
  <Person Id="143" FirstName="Hugo" LastName="Hendrics" EMail="Hendrics@grin.com" />
  <Person Id="144" FirstName="Fredric" LastName="Gitthens" EMail="Gitthens@filtering.com" />
  <Person Id="145" FirstName="Sung" LastName="Te" EMail="Te@textile.com" />
  <Person Id="146" FirstName="Mickey" LastName="Pea" EMail="Pea@protectionist.com" />
  <Person Id="147" FirstName="Gale" LastName="Gobin" EMail="Gobin@fitters.com" />
  <Person Id="148" FirstName="Katrina" LastName="Lalli" EMail="Lalli@launderettes.com" />
  <Person Id="149" FirstName="Francine" LastName="Gianopulos" EMail="Gianopulos@feminism.com" />
  <Person Id="150" FirstName="Keely" LastName="Landon" EMail="Landon@least.com" />
  <Person Id="151" FirstName="Chante" LastName="Cedillos" EMail="Cedillos@cleanses.com" />
  <Person Id="152" FirstName="Charline" LastName="Chaplik" EMail="Chaplik@clumsy.com" />
  <Person Id="153" FirstName="Noelle" LastName="Raether" EMail="Raether@relocation.com" />
  <Person Id="154" FirstName="Lauran" LastName="Lynam" EMail="Lynam@micelles.com" />
  <Person Id="155" FirstName="Rubye" LastName="Shattuck" EMail="Shattuck@snobs.com" />
  <Person Id="156" FirstName="Reginald" LastName="Sandager" EMail="Sandager@seedy.com" />
  <Person Id="157" FirstName="Leona" LastName="Marinacci" EMail="Marinacci@morphine.com" />
  <Person Id="158" FirstName="Meridith" LastName="Pansini" EMail="Pansini@probably.com" />
  <Person Id="159" FirstName="Gricelda" LastName="Hada" EMail="Hada@futurists.com" />
  <Person Id="160" FirstName="Phung" LastName="Rollock" EMail="Rollock@rung.com" />
  <Person Id="161" FirstName="Piper" LastName="Rosasco" EMail="Rosasco@saddle.com" />
  <Person Id="162" FirstName="Dani" LastName="Davensizer" EMail="Davensizer@cubic.com" />
  <Person Id="163" FirstName="Anja" LastName="Baraw" EMail="Baraw@arsenide.com" />
  <Person Id="164" FirstName="Cordelia" LastName="Creer" EMail="Creer@corespondent.com" />
  <Person Id="165" FirstName="Jimmie" LastName="Kaszinski" EMail="Kaszinski@indissoluble.com" />
  <Person Id="166" FirstName="Ping" LastName="Ropp" EMail="Ropp@sacredness.com" />
  <Person Id="167" FirstName="Lezlie" LastName="Matot" EMail="Matot@musty.com" />
  <Person Id="168" FirstName="Hellen" LastName="Hasbni" EMail="Hasbni@glib.com" />
  <Person Id="169" FirstName="Charmain" LastName="Chartraw" EMail="Chartraw@coarser.com" />
  <Person Id="170" FirstName="Velia" LastName="Warschaw" EMail="Warschaw@upstart.com" />
  <Person Id="171" FirstName="Susannah" LastName="Telfair" EMail="Telfair@theorise.com" />
  <Person Id="172" FirstName="Angila" LastName="Balsley" EMail="Balsley@argent.com" />
  <Person Id="173" FirstName="Mable" LastName="Miya" EMail="Miya@overuses.com" />
  <Person Id="174" FirstName="Ursula" LastName="Vradenburg" EMail="Vradenburg@unscrewing.com" />
  <Person Id="175" FirstName="Ruthie" LastName="Shiel" EMail="Shiel@soggiest.com" />
  <Person Id="176" FirstName="Valencia" LastName="Wagenknecht" EMail="Wagenknecht@unspoken.com" />
  <Person Id="177" FirstName="Mi" LastName="Parthemer" EMail="Parthemer@projections.com" />
  <Person Id="178" FirstName="Lise" LastName="Mccurdy" EMail="Mccurdy@nickel.com" />
  <Person Id="179" FirstName="Shelley" LastName="Steeb" EMail="Steeb@subsidiaries.com" />
  <Person Id="180" FirstName="Kaitlin" LastName="Kotas" EMail="Kotas@jerkier.com" />
  <Person Id="181" FirstName="Mira" LastName="Pesarchick" EMail="Pesarchick@pursue.com" />
  <Person Id="182" FirstName="Kara" LastName="Kreis" EMail="Kreis@judgments.com" />
  <Person Id="183" FirstName="Freddy" LastName="Gioffre" EMail="Gioffre@fightback.com" />
  <Person Id="184" FirstName="Enola" LastName="Fogerson" EMail="Fogerson@enquiry.com" />
  <Person Id="185" FirstName="Mack" LastName="Moat" EMail="Moat@owl.com" />
  <Person Id="186" FirstName="Alphonso" LastName="Arreguin" EMail="Arreguin@amongst.com" />
  <Person Id="187" FirstName="Elisha" LastName="Fauske" EMail="Fauske@educationalist.com" />
  <Person Id="188" FirstName="Jeanmarie" LastName="Jasmann" EMail="Jasmann@ideologue.com" />
  <Person Id="189" FirstName="Julieta" LastName="Kolbusz" EMail="Kolbusz@irresponsibly.com" />
  <Person Id="190" FirstName="Misti" LastName="Pettinger" EMail="Pettinger@quakers.com" />
  <Person Id="191" FirstName="Caitlyn" LastName="Buchheit" EMail="Buchheit@calligraphy.com" />
  <Person Id="192" FirstName="Brittny" LastName="Brockie" EMail="Brockie@burbled.com" />
  <Person Id="193" FirstName="Oscar" LastName="Rell" EMail="Rell@retarding.com" />
  <Person Id="194" FirstName="Jillian" LastName="Kasparian" EMail="Kasparian@indifference.com" />
  <Person Id="195" FirstName="Giuseppina" LastName="Grygiel" EMail="Grygiel@freeholders.com" />
  <Person Id="196" FirstName="Steffanie" LastName="Tabios" EMail="Tabios@technical.com" />
  <Person Id="197" FirstName="Arlena" LastName="Behrenwald" EMail="Behrenwald@bachelor.com" />
  <Person Id="198" FirstName="Dallas" LastName="Dantuono" EMail="Dantuono@crossways.com" />
  <Person Id="199" FirstName="Sudie" LastName="Tarnoff" EMail="Tarnoff@terminus.com" />
  <Person Id="200" FirstName="Carlotta" LastName="Bykowski" EMail="Bykowski@catchword.com" />
  <Person Id="201" FirstName="Brittaney" LastName="Briscoe" EMail="Briscoe@bulls.com" />
  <Person Id="202" FirstName="Versie" LastName="Weltz" EMail="Weltz@venom.com" />
  <Person Id="203" FirstName="Genesis" LastName="Gordley" EMail="Gordley@floridly.com" />
  <Person Id="204" FirstName="Heidy" LastName="Harsy" EMail="Harsy@glacially.com" />
  <Person Id="205" FirstName="Mac" LastName="Miyao" EMail="Miyao@overwhelm.com" />
  <Person Id="206" FirstName="Brenna" LastName="Breault" EMail="Breault@broaden.com" />
  <Person Id="207" FirstName="Latoyia" LastName="Lurie" EMail="Lurie@metallurgy.com" />
  <Person Id="208" FirstName="Reina" LastName="Sandus" EMail="Sandus@seizer.com" />
  <Person Id="209" FirstName="Norma" LastName="Ramjhon" EMail="Ramjhon@renounces.com" />
  <Person Id="210" FirstName="Shonta" LastName="Street" EMail="Street@sushi.com" />
  <Person Id="211" FirstName="Bradford" LastName="Brackman" EMail="Brackman@brawls.com" />
  <Person Id="212" FirstName="Winifred" LastName="Wynans" EMail="Wynans@whilst.com" />
  <Person Id="213" FirstName="Sabra" LastName="Shintani" EMail="Shintani@solitude.com" />
  <Person Id="214" FirstName="Sudie" LastName="Tarras" EMail="Tarras@terns.com" />
  <Person Id="215" FirstName="Ashlyn" LastName="Bergsma" EMail="Bergsma@barring.com" />
  <Person Id="216" FirstName="Elina" LastName="Farone" EMail="Farone@eclectic.com" />
  <Person Id="217" FirstName="Soledad" LastName="Summarell" EMail="Summarell@syphilitic.com" />
  <Person Id="218" FirstName="Pearly" LastName="Robbins" EMail="Robbins@romper.com" />
  <Person Id="219" FirstName="Lily" LastName="Mccade" EMail="Mccade@necessities.com" />
  <Person Id="220" FirstName="Janeen" LastName="Hutchings" EMail="Hutchings@honeymooners.com" />
  <Person Id="221" FirstName="Kamala" LastName="Kozub" EMail="Kozub@joinery.com" />
  <Person Id="222" FirstName="Caterina" LastName="Cardonia" EMail="Cardonia@chess.com" />
  <Person Id="223" FirstName="Taryn" LastName="Tony" EMail="Tony@touring.com" />
  <Person Id="224" FirstName="Jorge" LastName="Kirklin" EMail="Kirklin@interacts.com" />
  <Person Id="225" FirstName="Sha" LastName="Smulik" EMail="Smulik@stalker.com" />
  <Person Id="226" FirstName="Regan" LastName="Sammer" EMail="Sammer@secures.com" />
  <Person Id="227" FirstName="Eugena" LastName="Frix" EMail="Frix@eulogises.com" />
  <Person Id="228" FirstName="Chris" LastName="Cincotta" EMail="Cincotta@committed.com" />
  <Person Id="229" FirstName="Loris" LastName="Meaux" EMail="Meaux@obviated.com" />
  <Person Id="230" FirstName="Trent" LastName="Verma" EMail="Verma@ungraceful.com" />
  <Person Id="231" FirstName="Sunny" LastName="Tedeschi" EMail="Tedeschi@thaumaturge.com" />
  <Person Id="232" FirstName="Junior" LastName="Koopmann" EMail="Koopmann@itemising.com" />
  <Person Id="233" FirstName="Monet" LastName="Piehler" EMail="Piehler@raccoons.com" />
  <Person Id="234" FirstName="Norberto" LastName="Ralbovsky" EMail="Ralbovsky@remove.com" />
  <Person Id="235" FirstName="Hallie" LastName="Hameister" EMail="Hameister@gatepost.com" />
  <Person Id="236" FirstName="Nubia" LastName="Ransler" EMail="Ransler@repeated.com" />
  <Person Id="237" FirstName="Catherina" LastName="Carilli" EMail="Carilli@chicanery.com" />
  <Person Id="238" FirstName="Verlene" LastName="Weglage" EMail="Weglage@valve.com" />
  <Person Id="239" FirstName="Milagro" LastName="Pelligrino" EMail="Pelligrino@psychoanalyst.com" />
  <Person Id="240" FirstName="Kenna" LastName="Laubach" EMail="Laubach@lifegiving.com" />
  <Person Id="241" FirstName="Karol" LastName="Kubsch" EMail="Kubsch@killing.com" />
  <Person Id="242" FirstName="Keisha" LastName="Langner" EMail="Langner@leg.com" />
  <Person Id="243" FirstName="Nadia" LastName="Podolak" EMail="Podolak@read.com" />
  <Person Id="244" FirstName="Lyndon" LastName="Minichiello" EMail="Minichiello@overheat.com" />
  <Person Id="245" FirstName="Loriann" LastName="Mctaggart" EMail="Mctaggart@observances.com" />
  <Person Id="246" FirstName="Carry" LastName="Candelaria" EMail="Candelaria@chanted.com" />
  <Person Id="247" FirstName="Emory" LastName="Floren" EMail="Floren@enhancement.com" />
  <Person Id="248" FirstName="Shelby" LastName="Stavnes" EMail="Stavnes@submittable.com" />
  <Person Id="249" FirstName="Hertha" LastName="Hayburn" EMail="Hayburn@godmother.com" />
  <Person Id="250" FirstName="Barbera" LastName="Birdine" EMail="Birdine@bequeath.com" />
  <Person Id="251" FirstName="Afton" LastName="Airola" EMail="Airola@acidified.com" />
  <Person Id="252" FirstName="Eve" LastName="Fuse" EMail="Fuse@excepting.com" />
  <Person Id="253" FirstName="Marcel" LastName="Mulberry" EMail="Mulberry@pawnbrokers.com" />
  <Person Id="254" FirstName="Joshua" LastName="Kleefisch" EMail="Kleefisch@interplanetary.com" />
  <Person Id="255" FirstName="Marquitta" LastName="Northcraft" EMail="Northcraft@platoon.com" />
  <Person Id="256" FirstName="Waneta" LastName="Willigar" EMail="Willigar@walk.com" />
  <Person Id="257" FirstName="Arden" LastName="Beath" EMail="Beath@automata.com" />
  <Person Id="258" FirstName="Starr" LastName="Syverson" EMail="Syverson@taxidermy.com" />
  <Person Id="259" FirstName="Lashay" LastName="Lucchese" EMail="Lucchese@melancholies.com" />
  <Person Id="260" FirstName="September" LastName="Slown" EMail="Slown@squirted.com" />
  <Person Id="261" FirstName="Rory" LastName="Scotten" EMail="Scotten@siphons.com" />
  <Person Id="262" FirstName="Hester" LastName="Haye" EMail="Haye@goers.com" />
  <Person Id="263" FirstName="Cordie" LastName="Creswell" EMail="Creswell@cornflower.com" />
  <Person Id="264" FirstName="Robbie" LastName="Schimler" EMail="Schimler@shocks.com" />
  <Person Id="265" FirstName="Willetta" LastName="Wonderly" EMail="Wonderly@weighting.com" />
  <Person Id="266" FirstName="Marcelina" LastName="Mullikin" EMail="Mullikin@peacefully.com" />
  <Person Id="267" FirstName="Elvin" LastName="Figiel" EMail="Figiel@emeritus.com" />
  <Person Id="268" FirstName="Betsy" LastName="Bonaventura" EMail="Bonaventura@blurts.com" />
  <Person Id="269" FirstName="Kitty" LastName="Leona" EMail="Leona@lounge.com" />
  <Person Id="270" FirstName="Gaston" LastName="Goldstein" EMail="Goldstein@flautist.com" />
  <Person Id="271" FirstName="Casimira" LastName="Capiga" EMail="Capiga@chattily.com" />
  <Person Id="272" FirstName="Thao" LastName="Tun" EMail="Tun@truce.com" />
  <Person Id="273" FirstName="Ashly" LastName="Bergmark" EMail="Bergmark@barrels.com" />
  <Person Id="274" FirstName="Audrey" LastName="Berthiaume" EMail="Berthiaume@battlefield.com" />
  <Person Id="275" FirstName="Tory" LastName="Vasseur" EMail="Vasseur@undigested.com" />
  <Person Id="276" FirstName="Willian" LastName="Woolstenhulme" EMail="Woolstenhulme@wellmeaning.com" />
  <Person Id="277" FirstName="Jeneva" LastName="Jodway" EMail="Jodway@immunocompromised.com" />
  <Person Id="278" FirstName="Era" LastName="Fonder" EMail="Fonder@ensuing.com" />
  <Person Id="279" FirstName="Son" LastName="Sunier" EMail="Sunier@tablespoons.com" />
  <Person Id="280" FirstName="Myesha" LastName="Pizzaro" EMail="Pizzaro@rapists.com" />
  <Person Id="281" FirstName="Karima" LastName="Kroc" EMail="Kroc@justifications.com" />
  <Person Id="282" FirstName="Joaquin" LastName="Keehner" EMail="Keehner@infantryman.com" />
  <Person Id="283" FirstName="Rex" LastName="Saunas" EMail="Saunas@serums.com" />
  <Person Id="284" FirstName="Kimberley" LastName="Legrande" EMail="Legrande@locator.com" />
  <Person Id="285" FirstName="Tommy" LastName="Vangundy" EMail="Vangundy@uncooperative.com" />
  <Person Id="286" FirstName="Linnea" LastName="Mccollin" EMail="Mccollin@neurology.com" />
  <Person Id="287" FirstName="Shawana" LastName="Staggs" EMail="Staggs@strongroom.com" />
  <Person Id="288" FirstName="Demetra" LastName="Dingel" EMail="Dingel@depopulated.com" />
  <Person Id="289" FirstName="Barbra" LastName="Birmingham" EMail="Birmingham@berserk.com" />
  <Person Id="290" FirstName="Ingrid" LastName="Hilman" EMail="Hilman@halite.com" />
  <Person Id="291" FirstName="Mercedez" LastName="Pandey" EMail="Pandey@prise.com" />
  <Person Id="292" FirstName="Dylan" LastName="Elliff" EMail="Elliff@dohs.com" />
  <Person Id="293" FirstName="Jan" LastName="Huppenbauer" EMail="Huppenbauer@homage.com" />
  <Person Id="294" FirstName="Shawanda" LastName="Stagowski" EMail="Stagowski@strove.com" />
  <Person Id="295" FirstName="Nan" LastName="Polhill" EMail="Polhill@reappearing.com" />
  <Person Id="296" FirstName="Brett" LastName="Breiling" EMail="Breiling@brooch.com" />
  <Person Id="297" FirstName="Ezra" LastName="Gallenstein" EMail="Gallenstein@expanding.com" />
  <Person Id="298" FirstName="Terri" LastName="Trulli" EMail="Trulli@trillions.com" />
  <Person Id="299" FirstName="Marcy" LastName="Muscat" EMail="Muscat@pendulous.com" />
  <Person Id="300" FirstName="Vincenzo" LastName="Whetten" EMail="Whetten@vigilance.com" />
  <Person Id="301" FirstName="Shaun" LastName="Spritzer" EMail="Spritzer@streptococci.com" />
  <Person Id="302" FirstName="Damien" LastName="Daris" EMail="Daris@cruciform.com" />
  <Person Id="303" FirstName="Garfield" LastName="Goehringer" EMail="Goehringer@flagellation.com" />
  <Person Id="304" FirstName="Angela" LastName="Baisten" EMail="Baisten@approach.com" />
  <Person Id="305" FirstName="Trudie" LastName="Villasenor" EMail="Villasenor@unluckier.com" />
  <Person Id="306" FirstName="Bettyann" LastName="Bonne" EMail="Bonne@bobbins.com" />
  <Person Id="307" FirstName="Digna" LastName="Dragone" EMail="Dragone@diffusers.com" />
  <Person Id="308" FirstName="Leatrice" LastName="Mallo" EMail="Mallo@mistyped.com" />
  <Person Id="309" FirstName="Lane" LastName="Lombardo" EMail="Lombardo@masquerades.com" />
  <Person Id="310" FirstName="Melissa" LastName="Pacleb" EMail="Pacleb@presses.com" />
  <Person Id="311" FirstName="Laquita" LastName="Lorkowski" EMail="Lorkowski@maturely.com" />
  <Person Id="312" FirstName="Providencia" LastName="Rothstein" EMail="Rothstein@samba.com" />
  <Person Id="313" FirstName="Adolph" LastName="Agne" EMail="Agne@accommodation.com" />
  <Person Id="314" FirstName="Shandra" LastName="Solich" EMail="Solich@staunchest.com" />
  <Person Id="315" FirstName="Gertude" LastName="Grich" EMail="Grich@formations.com" />
  <Person Id="316" FirstName="Gertha" LastName="Greising" EMail="Greising@forget.com" />
  <Person Id="317" FirstName="Lovetta" LastName="Mendoza" EMail="Mendoza@opaque.com" />
  <Person Id="318" FirstName="Merna" LastName="Parbs" EMail="Parbs@producing.com" />
  <Person Id="319" FirstName="Sheryl" LastName="Stoffey" EMail="Stoffey@supermarket.com" />
  <Person Id="320" FirstName="Irwin" LastName="Hnatow" EMail="Hnatow@happygolucky.com" />
  <Person Id="321" FirstName="Refugia" LastName="Salvietti" EMail="Salvietti@secretariats.com" />
  <Person Id="322" FirstName="Ardis" LastName="Beauchaine" EMail="Beauchaine@automats.com" />
  <Person Id="323" FirstName="Alayna" LastName="Allio" EMail="Allio@admittances.com" />
  <Person Id="324" FirstName="Cammie" LastName="Bujnowski" EMail="Bujnowski@canning.com" />
  <Person Id="325" FirstName="Melani" LastName="Overfelt" EMail="Overfelt@premeditate.com" />
  <Person Id="326" FirstName="Stacee" LastName="Swecker" EMail="Swecker@tantalised.com" />
  <Person Id="327" FirstName="Kayleigh" LastName="Lampitt" EMail="Lampitt@leafiest.com" />
  <Person Id="328" FirstName="Deana" LastName="Denning" EMail="Denning@declaiming.com" />
  <Person Id="329" FirstName="Gustavo" LastName="Haigh" EMail="Haigh@gambled.com" />
  <Person Id="330" FirstName="Santiago" LastName="Simonton" EMail="Simonton@spicier.com" />
  <Person Id="331" FirstName="Melany" LastName="Ownby" EMail="Ownby@preparative.com" />
  <Person Id="332" FirstName="Kristyn" LastName="Liebowitz" EMail="Liebowitz@mafia.com" />
  <Person Id="333" FirstName="Melaine" LastName="Ovens" EMail="Ovens@prelates.com" />
  <Person Id="334" FirstName="Teodoro" LastName="Trentz" EMail="Trentz@trapdoors.com" />
  <Person Id="335" FirstName="Shayne" LastName="Stansell" EMail="Stansell@stylus.com" />
  <Person Id="336" FirstName="Elliot" LastName="Fekete" EMail="Fekete@elbowing.com" />
  <Person Id="337" FirstName="Bryant" LastName="Brower" EMail="Brower@buttercup.com" />
  <Person Id="338" FirstName="Palmer" LastName="Rexach" EMail="Rexach@reviewable.com" />
  <Person Id="339" FirstName="Lida" LastName="Maung" EMail="Maung@nairobi.com" />
  <Person Id="340" FirstName="Shakira" LastName="Snoderly" EMail="Snoderly@stanza.com" />
  <Person Id="341" FirstName="Garnett" LastName="Goetter" EMail="Goetter@flamenco.com" />
  <Person Id="342" FirstName="Enola" LastName="Fogler" EMail="Fogler@enraging.com" />
  <Person Id="343" FirstName="Monty" LastName="Pilchowski" EMail="Pilchowski@radiographic.com" />
  <Person Id="344" FirstName="Jacqueline" LastName="Horth" EMail="Horth@henchman.com" />
  <Person Id="345" FirstName="Sherwood" LastName="Stoeberl" EMail="Stoeberl@superheated.com" />
  <Person Id="346" FirstName="Teresia" LastName="Trinklein" EMail="Trinklein@trefoil.com" />
  <Person Id="347" FirstName="Dorthea" LastName="Edenfield" EMail="Edenfield@dissector.com" />
  <Person Id="348" FirstName="Lino" LastName="Mcconnaughy" EMail="Mcconnaughy@neutered.com" />
  <Person Id="349" FirstName="Keesha" LastName="Langdale" EMail="Langdale@ledgers.com" />
  <Person Id="350" FirstName="Glady" LastName="Guardarrama" EMail="Guardarrama@freezing.com" />
  <Person Id="351" FirstName="Kevin" LastName="Leatherberry" EMail="Leatherberry@lissome.com" />
  <Person Id="352" FirstName="Mariel" LastName="Nenninger" EMail="Nenninger@philistine.com" />
  <Person Id="353" FirstName="Anthony" LastName="Bartoli" EMail="Bartoli@asthma.com" />
  <Person Id="354" FirstName="Delphia" LastName="Dilox" EMail="Dilox@deodorants.com" />
  <Person Id="355" FirstName="Corene" LastName="Crill" EMail="Crill@corpora.com" />
  <Person Id="356" FirstName="Robby" LastName="Schirmer" EMail="Schirmer@shoelaces.com" />
  <Person Id="357" FirstName="Corie" LastName="Crocetti" EMail="Crocetti@corroborates.com" />
  <Person Id="358" FirstName="Dayna" LastName="Dena" EMail="Dena@decently.com" />
  <Person Id="359" FirstName="Hedy" LastName="Harrald" EMail="Harrald@giraffes.com" />
  <Person Id="360" FirstName="Arron" LastName="Bendle" EMail="Bendle@bamboo.com" />
  <Person Id="361" FirstName="Louis" LastName="Meleski" EMail="Meleski@old.com" />
  <Person Id="362" FirstName="Alisa" LastName="Apolo" EMail="Apolo@alkaline.com" />
  <Person Id="363" FirstName="Cornell" LastName="Croucher" EMail="Croucher@costly.com" />
  <Person Id="364" FirstName="Nancy" LastName="Polynice" EMail="Polynice@reassured.com" />
  <Person Id="365" FirstName="Abel" LastName="Abend" EMail="Abend@abject.com" />
  <Person Id="366" FirstName="Alane" LastName="Allende" EMail="Allende@administration.com" />
  <Person Id="367" FirstName="Billy" LastName="Borras" EMail="Borras@bookkeeper.com" />
  <Person Id="368" FirstName="Blanca" LastName="Botos" EMail="Botos@borrows.com" />
  <Person Id="369" FirstName="Yahaira" LastName="Yerkes" EMail="Yerkes@wills.com" />
  <Person Id="370" FirstName="Asuncion" LastName="Berneri" EMail="Berneri@bastard.com" />
  <Person Id="371" FirstName="Desiree" LastName="Dominik" EMail="Dominik@determiner.com" />
  <Person Id="372" FirstName="Shelba" LastName="Stathos" EMail="Stathos@sublimed.com" />
  <Person Id="373" FirstName="Brain" LastName="Braig" EMail="Braig@breakdown.com" />
  <Person Id="374" FirstName="Allan" LastName="Arcuri" EMail="Arcuri@aloe.com" />
  <Person Id="375" FirstName="Armida" LastName="Bellmay" EMail="Bellmay@bailed.com" />
  <Person Id="376" FirstName="Kanesha" LastName="Kreatsoulas" EMail="Kreatsoulas@jubilate.com" />
  <Person Id="377" FirstName="Graham" LastName="Gushee" EMail="Gushee@fullscale.com" />
  <Person Id="378" FirstName="Luisa" LastName="Mierzwa" EMail="Mierzwa@outgoing.com" />
  <Person Id="379" FirstName="Dulce" LastName="Eisenhauer" EMail="Eisenhauer@divested.com" />
  <Person Id="380" FirstName="Phillis" LastName="Rojo" EMail="Rojo@rumbas.com" />
  <Person Id="381" FirstName="Malorie" LastName="Mortis" EMail="Mortis@participating.com" />
  <Person Id="382" FirstName="Thomasine" LastName="Udo" EMail="Udo@turnings.com" />
  <Person Id="383" FirstName="Nickie" LastName="Pullins" EMail="Pullins@refuge.com" />
  <Person Id="384" FirstName="Ahmad" LastName="Alben" EMail="Alben@activators.com" />
  <Person Id="385" FirstName="Felecia" LastName="Gariti" EMail="Gariti@extenuation.com" />
  <Person Id="386" FirstName="Alphonso" LastName="Arrendell" EMail="Arrendell@amorality.com" />
  <Person Id="387" FirstName="Julian" LastName="Koegel" EMail="Koegel@ionise.com" />
  <Person Id="388" FirstName="Jenni" LastName="Joun" EMail="Joun@impertinence.com" />
  <Person Id="389" FirstName="Nigel" LastName="Quellette" EMail="Quellette@reimpose.com" />
  <Person Id="390" FirstName="Arlinda" LastName="Belchior" EMail="Belchior@backstreets.com" />
  <Person Id="391" FirstName="Bettye" LastName="Bonnoitt" EMail="Bonnoitt@bodied.com" />
  <Person Id="392" FirstName="Tamesha" LastName="Tillberry" EMail="Tillberry@titillated.com" />
  <Person Id="393" FirstName="Hang" LastName="Hammerlund" EMail="Hammerlund@gauze.com" />
  <Person Id="394" FirstName="Kermit" LastName="Law" EMail="Law@limpopo.com" />
  <Person Id="395" FirstName="Dino" LastName="Drentlaw" EMail="Drentlaw@dilate.com" />
  <Person Id="396" FirstName="Fanny" LastName="Gamelin" EMail="Gamelin@expiate.com" />
  <Person Id="397" FirstName="Breanna" LastName="Brattin" EMail="Brattin@bright.com" />
  <Person Id="398" FirstName="Yong" LastName="Zalar" EMail="Zalar@wonderingly.com" />
  <Person Id="399" FirstName="Jackqueline" LastName="Hopskins" EMail="Hopskins@heights.com" />
  <Person Id="400" FirstName="Shaunta" LastName="Sroka" EMail="Sroka@stringencies.com" />
  <Person Id="401" FirstName="Russell" LastName="Shenassa" EMail="Shenassa@sobers.com" />
  <Person Id="402" FirstName="Cherise" LastName="China" EMail="China@collaborationist.com" />
  <Person Id="403" FirstName="Lorrine" LastName="Megahan" EMail="Megahan@odds.com" />
  <Person Id="404" FirstName="Jeanette" LastName="Jardon" EMail="Jardon@id.com" />
  <Person Id="405" FirstName="Camilla" LastName="Buggie" EMail="Buggie@candour.com" />
  <Person Id="406" FirstName="Masako" LastName="Okelberry" EMail="Okelberry@pontiff.com" />
  <Person Id="407" FirstName="Larhonda" LastName="Lotspeich" EMail="Lotspeich@mazes.com" />
  <Person Id="408" FirstName="Alleen" LastName="Ardis" EMail="Ardis@alongside.com" />
  <Person Id="409" FirstName="Christin" LastName="Clemmons" EMail="Clemmons@completable.com" />
  <Person Id="410" FirstName="Nanette" LastName="Pomfret" EMail="Pomfret@rebel.com" />
  <Person Id="411" FirstName="Jeanie" LastName="Jaross" EMail="Jaross@ideals.com" />
  <Person Id="412" FirstName="Lonna" LastName="Mckeon" EMail="Mckeon@novelle.com" />
  <Person Id="413" FirstName="Vernice" LastName="Weinreb" EMail="Weinreb@vassals.com" />
  <Person Id="414" FirstName="Maisha" LastName="Moppin" EMail="Moppin@paralysed.com" />
  <Person Id="415" FirstName="Jess" LastName="Kaltz" EMail="Kaltz@incinerates.com" />
  <Person Id="416" FirstName="Merrill" LastName="Parler" EMail="Parler@profittaking.com" />
  <Person Id="417" FirstName="Eugenia" LastName="Fromdahl" EMail="Fromdahl@european.com" />
  <Person Id="418" FirstName="Cody" LastName="Cortner" EMail="Cortner@contingently.com" />
  <Person Id="419" FirstName="Hye" LastName="Hepner" EMail="Hepner@grounds.com" />
  <Person Id="420" FirstName="Waylon" LastName="Windhorst" EMail="Windhorst@warding.com" />
  <Person Id="421" FirstName="Latashia" LastName="Luga" EMail="Luga@mention.com" />
  <Person Id="422" FirstName="Matilda" LastName="Oleksiak" EMail="Oleksiak@populous.com" />
  <Person Id="423" FirstName="Helena" LastName="Hartwick" EMail="Hartwick@glassware.com" />
  <Person Id="424" FirstName="Tish" LastName="Vallangeon" EMail="Vallangeon@unavailable.com" />
  <Person Id="425" FirstName="Wilda" LastName="Wnorowski" EMail="Wnorowski@waywardness.com" />
  <Person Id="426" FirstName="Gary" LastName="Goldmann" EMail="Goldmann@flattish.com" />
  <Person Id="427" FirstName="Karlene" LastName="Krystofiak" EMail="Krystofiak@keypad.com" />
  <Person Id="428" FirstName="Louetta" LastName="Mekeel" EMail="Mekeel@ohmic.com" />
  <Person Id="429" FirstName="Rex" LastName="Saulsberry" EMail="Saulsberry@serpentine.com" />
  <Person Id="430" FirstName="Patty" LastName="Rinker" EMail="Rinker@risking.com" />
  <Person Id="431" FirstName="Herb" LastName="Hassin" EMail="Hassin@globules.com" />
  <Person Id="432" FirstName="Hans" LastName="Handshaw" EMail="Handshaw@generalisation.com" />
  <Person Id="433" FirstName="Cristina" LastName="Currier" EMail="Currier@crackpots.com" />
  <Person Id="434" FirstName="Jacque" LastName="Horr" EMail="Horr@hem.com" />
  <Person Id="435" FirstName="Trudi" LastName="Villarin" EMail="Villarin@unlovable.com" />
  <Person Id="436" FirstName="Jordon" LastName="Kirk" EMail="Kirk@inter.com" />
  <Person Id="437" FirstName="Francene" LastName="Gettings" EMail="Gettings@featureless.com" />
  <Person Id="438" FirstName="Elvis" LastName="Filippini" EMail="Filippini@emotionless.com" />
  <Person Id="439" FirstName="Suzanne" LastName="Teran" EMail="Teran@thimblefuls.com" />
  <Person Id="440" FirstName="Maurine" LastName="Opal" EMail="Opal@postings.com" />
  <Person Id="441" FirstName="Kathi" LastName="Laclair" EMail="Laclair@lancing.com" />
  <Person Id="442" FirstName="Jettie" LastName="Karim" EMail="Karim@incursions.com" />
  <Person Id="443" FirstName="Elba" LastName="Evensen" EMail="Evensen@dueller.com" />
  <Person Id="444" FirstName="Albina" LastName="Altadonna" EMail="Altadonna@adventures.com" />
  <Person Id="445" FirstName="Margarette" LastName="Mynatt" EMail="Mynatt@percales.com" />
  <Person Id="446" FirstName="Kenya" LastName="Laury" EMail="Laury@likeability.com" />
  <Person Id="447" FirstName="Trinidad" LastName="Viel" EMail="Viel@unionisation.com" />
  <Person Id="448" FirstName="Pauline" LastName="Rittichier" EMail="Rittichier@robots.com" />
  <Person Id="449" FirstName="Arthur" LastName="Benevento" EMail="Benevento@bandpass.com" />
  <Person Id="450" FirstName="Lesha" LastName="Martucci" EMail="Martucci@mucky.com" />
  <Person Id="451" FirstName="Agripina" LastName="Akoni" EMail="Akoni@acquisition.com" />
  <Person Id="452" FirstName="Timika" LastName="Vaclavik" EMail="Vaclavik@unaccountably.com" />
  <Person Id="453" FirstName="Lucio" LastName="Meullion" EMail="Meullion@ornithological.com" />
  <Person Id="454" FirstName="Jeniffer" LastName="Johnston" EMail="Johnston@impartial.com" />
  <Person Id="455" FirstName="Evan" LastName="Fure" EMail="Fure@examinable.com" />
  <Person Id="456" FirstName="Cherie" LastName="Childree" EMail="Childree@cold.com" />
  <Person Id="457" FirstName="Reta" LastName="Sasseville" EMail="Sasseville@sequoia.com" />
  <Person Id="458" FirstName="Melda" LastName="Oz" EMail="Oz@preposterously.com" />
  <Person Id="459" FirstName="Joette" LastName="Kennelley" EMail="Kennelley@ingratitude.com" />
  <Person Id="460" FirstName="Rene" LastName="Sarate" EMail="Sarate@sensitisers.com" />
  <Person Id="461" FirstName="Clara" LastName="Colclasure" EMail="Colclasure@condoned.com" />
  <Person Id="462" FirstName="Twanda" LastName="Visitacion" EMail="Visitacion@unpacking.com" />
  <Person Id="463" FirstName="Dinorah" LastName="Dressen" EMail="Dressen@dildo.com" />
  <Person Id="464" FirstName="Jan" LastName="Hunze" EMail="Hunze@hologram.com" />
  <Person Id="465" FirstName="Frank" LastName="Gilb" EMail="Gilb@festooning.com" />
  <Person Id="466" FirstName="Arlie" LastName="Belasco" EMail="Belasco@backstabbing.com" />
  <Person Id="467" FirstName="Idalia" LastName="Hernanders" EMail="Hernanders@grunting.com" />
  <Person Id="468" FirstName="Lavern" LastName="Madhavan" EMail="Madhavan@mind.com" />
  <Person Id="469" FirstName="Micha" LastName="Passaro" EMail="Passaro@promptitude.com" />
  <Person Id="470" FirstName="Willis" LastName="Worner" EMail="Worner@wench.com" />
  <Person Id="471" FirstName="German" LastName="Greenleaf" EMail="Greenleaf@foreseen.com" />
  <Person Id="472" FirstName="Alesia" LastName="Amodeo" EMail="Amodeo@afterlife.com" />
  <Person Id="473" FirstName="Emilia" LastName="Flanary" EMail="Flanary@endlessness.com" />
  <Person Id="474" FirstName="Nyla" LastName="Rarey" EMail="Rarey@repining.com" />
  <Person Id="475" FirstName="Kalyn" LastName="Kownacki" EMail="Kownacki@jobless.com" />
  <Person Id="476" FirstName="Billie" LastName="Borns" EMail="Borns@bookable.com" />
  <Person Id="477" FirstName="Hortencia" LastName="Hellenbrand" EMail="Hellenbrand@greasy.com" />
  <Person Id="478" FirstName="Grazyna" LastName="Guttormson" EMail="Guttormson@fundraiser.com" />
  <Person Id="479" FirstName="Enoch" LastName="Foell" EMail="Foell@enounces.com" />
  <Person Id="480" FirstName="Judie" LastName="Knickrehm" EMail="Knickrehm@invariant.com" />
  <Person Id="481" FirstName="Irvin" LastName="Hitt" EMail="Hitt@hanker.com" />
  <Person Id="482" FirstName="Ollie" LastName="Redkey" EMail="Redkey@resignal.com" />
  <Person Id="483" FirstName="Laila" LastName="Livigni" EMail="Livigni@mantissas.com" />
  <Person Id="484" FirstName="Dayna" LastName="Demuro" EMail="Demuro@deceleration.com" />
  <Person Id="485" FirstName="Otha" LastName="Renn" EMail="Renn@retransmissions.com" />
  <Person Id="486" FirstName="Joellen" LastName="Kendall" EMail="Kendall@infuriate.com" />
  <Person Id="487" FirstName="Randal" LastName="Rutana" EMail="Rutana@schoolboys.com" />
  <Person Id="488" FirstName="Pilar" LastName="Rooney" EMail="Rooney@sackcloth.com" />
  <Person Id="489" FirstName="Bradley" LastName="Bradford" EMail="Bradford@brazenness.com" />
  <Person Id="490" FirstName="Retha" LastName="Sat" EMail="Sat@seraphim.com" />
  <Person Id="491" FirstName="Michell" LastName="Pawlak" EMail="Pawlak@prosper.com" />
  <Person Id="492" FirstName="Maudie" LastName="Olup" EMail="Olup@positionable.com" />
  <Person Id="493" FirstName="Sena" LastName="Slodysko" EMail="Slodysko@squelch.com" />
  <Person Id="494" FirstName="Brigid" LastName="Brickson" EMail="Brickson@buckskin.com" />
  <Person Id="495" FirstName="Kasha" LastName="Kupihea" EMail="Kupihea@knocked.com" />
  <Person Id="496" FirstName="Lavonda" LastName="Magnant" EMail="Magnant@minuscule.com" />
  <Person Id="497" FirstName="Dani" LastName="Davda" EMail="Davda@cube.com" />
  <Person Id="498" FirstName="Shelby" LastName="Staup" EMail="Staup@submission.com" />
  <Person Id="499" FirstName="Milissa" LastName="Pennachio" EMail="Pennachio@puffy.com" />
  <Person Id="500" FirstName="Letisha" LastName="Masudi" EMail="Masudi@murdering.com" />
  <Person Id="501" FirstName="Bulah" LastName="Brungard" EMail="Brungard@cad.com" />
  <Person Id="502" FirstName="Hyo" LastName="Herder" EMail="Herder@growl.com" />
  <Person Id="503" FirstName="Aurelio" LastName="Beverly" EMail="Beverly@beck.com" />
  <Person Id="504" FirstName="Benito" LastName="Blount" EMail="Blount@biter.com" />
  <Person Id="505" FirstName="Deandra" LastName="Dense" EMail="Dense@declares.com" />
  <Person Id="506" FirstName="Yoshie" LastName="Zambelli" EMail="Zambelli@woodcutter.com" />
  <Person Id="507" FirstName="Margery" LastName="Nairn" EMail="Nairn@pergolas.com" />
  <Person Id="508" FirstName="Socorro" LastName="Suggs" EMail="Suggs@symptom.com" />
  <Person Id="509" FirstName="Verlene" LastName="Wegener" EMail="Wegener@values.com" />
  <Person Id="510" FirstName="Darrell" LastName="Dellapaolera" EMail="Dellapaolera@dawdle.com" />
  <Person Id="511" FirstName="Ray" LastName="Sadger" EMail="Sadger@screening.com" />
  <Person Id="512" FirstName="Jani" LastName="Iglesias" EMail="Iglesias@hosing.com" />
  <Person Id="513" FirstName="Haywood" LastName="Harison" EMail="Harison@giantkiller.com" />
  <Person Id="514" FirstName="Xavier" LastName="Yarde" EMail="Yarde@whoring.com" />
  <Person Id="515" FirstName="Hildegard" LastName="Heavener" EMail="Heavener@gossiped.com" />
  <Person Id="516" FirstName="Jenifer" LastName="Johngrass" EMail="Johngrass@impala.com" />
  <Person Id="517" FirstName="Jaimee" LastName="Hrovat" EMail="Hrovat@highness.com" />
  <Person Id="518" FirstName="Allan" LastName="Ardan" EMail="Ardan@aloft.com" />
  <Person Id="519" FirstName="Micah" LastName="Paskoff" EMail="Paskoff@promote.com" />
  <Person Id="520" FirstName="Sparkle" LastName="Swartzel" EMail="Swartzel@tangled.com" />
  <Person Id="521" FirstName="Emmie" LastName="Flick" EMail="Flick@engage.com" />
  <Person Id="522" FirstName="Margie" LastName="Nally" EMail="Nally@periphrasis.com" />
  <Person Id="523" FirstName="Jill" LastName="Kasee" EMail="Kasee@indicates.com" />
  <Person Id="524" FirstName="Tam" LastName="Thorstad" EMail="Thorstad@tills.com" />
  <Person Id="525" FirstName="Ervin" LastName="Francois" EMail="Francois@equations.com" />
  <Person Id="526" FirstName="Miriam" LastName="Petito" EMail="Petito@putts.com" />
  <Person Id="527" FirstName="Conception" LastName="Covitt" EMail="Covitt@conveying.com" />
  <Person Id="528" FirstName="Collen" LastName="Coulon" EMail="Coulon@contumely.com" />
  <Person Id="529" FirstName="Diego" LastName="Doyer" EMail="Doyer@differentiated.com" />
  <Person Id="530" FirstName="Tommy" LastName="Vanheel" EMail="Vanheel@uncountable.com" />
  <Person Id="531" FirstName="Syble" LastName="Testani" EMail="Testani@thousandth.com" />
  <Person Id="532" FirstName="Lan" LastName="Lohre" EMail="Lohre@marvelled.com" />
  <Person Id="533" FirstName="Mervin" LastName="Parrella" EMail="Parrella@programs.com" />
  <Person Id="534" FirstName="Nohemi" LastName="Ragasa" EMail="Ragasa@remands.com" />
  <Person Id="535" FirstName="Gino" LastName="Grosso" EMail="Grosso@frail.com" />
  <Person Id="536" FirstName="Ahmad" LastName="Albaugh" EMail="Albaugh@activation.com" />
  <Person Id="537" FirstName="Maybell" LastName="Orona" EMail="Orona@practically.com" />
  <Person Id="538" FirstName="Jessie" LastName="Kannady" EMail="Kannady@inconsequentially.com" />
  <Person Id="539" FirstName="Zola" LastName="Zufall" EMail="Zufall@zealotry.com" />
  <Person Id="540" FirstName="Paula" LastName="Rippstein" EMail="Rippstein@riveting.com" />
  <Person Id="541" FirstName="Sam" LastName="Shure" EMail="Shure@sourly.com" />
  <Person Id="542" FirstName="Tamica" LastName="Timber" EMail="Timber@toadstool.com" />
  <Person Id="543" FirstName="Rosalie" LastName="Seace" EMail="Seace@sizzle.com" />
  <Person Id="544" FirstName="Susannah" LastName="Telesco" EMail="Telesco@theorisation.com" />
  <Person Id="545" FirstName="Aimee" LastName="Alepin" EMail="Alepin@additive.com" />
  <Person Id="546" FirstName="Dulcie" LastName="Eitniear" EMail="Eitniear@diving.com" />
  <Person Id="547" FirstName="Elsy" LastName="Fiaschetti" EMail="Fiaschetti@embezzlement.com" />
  <Person Id="548" FirstName="Shaunna" LastName="Squillante" EMail="Squillante@strife.com" />
  <Person Id="549" FirstName="Noreen" LastName="Ramaker" EMail="Ramaker@rename.com" />
  <Person Id="550" FirstName="Antonia" LastName="Bastress" EMail="Bastress@atoning.com" />
  <Person Id="551" FirstName="Casie" LastName="Capicotto" EMail="Capicotto@chattily.com" />
  <Person Id="552" FirstName="Cleveland" LastName="Cordenas" EMail="Cordenas@constrained.com" />
  <Person Id="553" FirstName="Clementina" LastName="Coodey" EMail="Coodey@conservatoire.com" />
  <Person Id="554" FirstName="Rossana" LastName="Sesko" EMail="Sesko@slurs.com" />
  <Person Id="555" FirstName="Elidia" LastName="Farhart" EMail="Farhart@eavesdropping.com" />
  <Person Id="556" FirstName="Kari" LastName="Kriss" EMail="Kriss@jurisdictional.com" />
  <Person Id="557" FirstName="Ty" LastName="Vivion" EMail="Vivion@unpredictable.com" />
  <Person Id="558" FirstName="Cleora" LastName="Coppernoll" EMail="Coppernoll@conspiratorial.com" />
  <Person Id="559" FirstName="Reynaldo" LastName="Savoca" EMail="Savoca@sevenpence.com" />
  <Person Id="560" FirstName="Ladawn" LastName="Lisy" EMail="Lisy@manifests.com" />
  <Person Id="561" FirstName="Rosemarie" LastName="Semetara" EMail="Semetara@slid.com" />
  <Person Id="562" FirstName="Joan" LastName="Kawashima" EMail="Kawashima@industriously.com" />
  <Person Id="563" FirstName="Margaretta" LastName="Myhre" EMail="Myhre@perambulated.com" />
  <Person Id="564" FirstName="Almeda" LastName="Armor" EMail="Armor@ambulatory.com" />
  <Person Id="565" FirstName="Flora" LastName="Geissler" EMail="Geissler@fame.com" />
  <Person Id="566" FirstName="Diann" LastName="Doughtery" EMail="Doughtery@diced.com" />
  <Person Id="567" FirstName="Particia" LastName="Rider" EMail="Rider@ribosome.com" />
  <Person Id="568" FirstName="Marquetta" LastName="Normann" EMail="Normann@plasticity.com" />
  <Person Id="569" FirstName="Margarite" LastName="Nab" EMail="Nab@perceptually.com" />
  <Person Id="570" FirstName="Hassie" LastName="Hardegree" EMail="Hardegree@gerontology.com" />
  <Person Id="571" FirstName="Rea" LastName="Sakic" EMail="Sakic@scupper.com" />
  <Person Id="572" FirstName="Vonnie" LastName="Wigington" EMail="Wigington@voucher.com" />
  <Person Id="573" FirstName="Allie" LastName="Arichabala" EMail="Arichabala@alumnus.com" />
  <Person Id="574" FirstName="Tomika" LastName="Vandine" EMail="Vandine@uncomprehending.com" />
  <Person Id="575" FirstName="April" LastName="Baughn" EMail="Baughn@attribute.com" />
  <Person Id="576" FirstName="Ina" LastName="Higbie" EMail="Higbie@hacked.com" />
  <Person Id="577" FirstName="Scottie" LastName="Skogen" EMail="Skogen@sprightly.com" />
  <Person Id="578" FirstName="Lekisha" LastName="Manquero" EMail="Manquero@monarchic.com" />
  <Person Id="579" FirstName="Stormy" LastName="Tapp" EMail="Tapp@tent.com" />
  <Person Id="580" FirstName="Angelena" LastName="Bakes" EMail="Bakes@approves.com" />
  <Person Id="581" FirstName="Iva" LastName="Holdcraft" EMail="Holdcraft@havens.com" />
  <Person Id="582" FirstName="Gabrielle" LastName="Glotfelty" EMail="Glotfelty@fisheries.com" />
  <Person Id="583" FirstName="Johnathon" LastName="Keshishyan" EMail="Keshishyan@inked.com" />
  <Person Id="584" FirstName="Coreen" LastName="Crieghton" EMail="Crieghton@coroner.com" />
  <Person Id="585" FirstName="Robert" LastName="Schlepp" EMail="Schlepp@shorewards.com" />
  <Person Id="586" FirstName="Nella" LastName="Preslipsky" EMail="Preslipsky@rectifying.com" />
  <Person Id="587" FirstName="Glady" LastName="Guardado" EMail="Guardado@freezing.com" />
  <Person Id="588" FirstName="Shyla" LastName="Stricklin" EMail="Stricklin@swaggering.com" />
  <Person Id="589" FirstName="Jina" LastName="Katzenbach" EMail="Katzenbach@indoor.com" />
  <Person Id="590" FirstName="Skye" LastName="Suddath" EMail="Suddath@symbolise.com" />
  <Person Id="591" FirstName="Ashely" LastName="Benvenuto" EMail="Benvenuto@barbecue.com" />
  <Person Id="592" FirstName="Karl" LastName="Krumbein" EMail="Krumbein@kelvin.com" />
  <Person Id="593" FirstName="Maurita" LastName="Openshaw" EMail="Openshaw@postmen.com" />
  <Person Id="594" FirstName="Julene" LastName="Knupke" EMail="Knupke@invincibility.com" />
  <Person Id="595" FirstName="Twanna" LastName="Vitantonio" EMail="Vitantonio@unpersonalised.com" />
  <Person Id="596" FirstName="Hassan" LastName="Harcum" EMail="Harcum@germinal.com" />
  <Person Id="597" FirstName="Edra" LastName="Ernandez" EMail="Ernandez@draws.com" />
  <Person Id="598" FirstName="Reagan" LastName="Salaam" EMail="Salaam@scuttles.com" />
  <Person Id="599" FirstName="Lera" LastName="Martey" EMail="Martey@moustaches.com" />
  <Person Id="600" FirstName="Rashida" LastName="Sabir" EMail="Sabir@scrappier.com" />
  <Person Id="601" FirstName="Kimberli" LastName="Lehman" EMail="Lehman@locket.com" />
  <Person Id="602" FirstName="Marie" LastName="Nemerofsky" EMail="Nemerofsky@phew.com" />
  <Person Id="603" FirstName="Deandre" LastName="Densley" EMail="Densley@declassified.com" />
  <Person Id="604" FirstName="Gita" LastName="Grundman" EMail="Grundman@frazzled.com" />
  <Person Id="605" FirstName="Eliza" LastName="Fay" EMail="Fay@effects.com" />
  <Person Id="606" FirstName="Ciara" LastName="Coberley" EMail="Coberley@conceit.com" />
  <Person Id="607" FirstName="Charlena" LastName="Chaffer" EMail="Chaffer@clogged.com" />
  <Person Id="608" FirstName="Donita" LastName="Duos" EMail="Duos@discredit.com" />
  <Person Id="609" FirstName="Petra" LastName="Roethel" EMail="Roethel@rubbles.com" />
  <Person Id="610" FirstName="Stephania" LastName="Tait" EMail="Tait@teleconference.com" />
  <Person Id="611" FirstName="Marx" LastName="Oberdier" EMail="Oberdier@pock.com" />
  <Person Id="612" FirstName="Hollis" LastName="Heimann" EMail="Heimann@granular.com" />
  <Person Id="613" FirstName="Enda" LastName="Flosi" EMail="Flosi@enjoyably.com" />
  <Person Id="614" FirstName="Pamala" LastName="Rhed" EMail="Rhed@revivals.com" />
  <Person Id="615" FirstName="Carina" LastName="Burmeister" EMail="Burmeister@caressed.com" />
  <Person Id="616" FirstName="Julia" LastName="Kochkodin" EMail="Kochkodin@involution.com" />
  <Person Id="617" FirstName="Yung" LastName="Zehrer" EMail="Zehrer@worshippers.com" />
  <Person Id="618" FirstName="Jerry" LastName="Kalish" EMail="Kalish@incarnate.com" />
  <Person Id="619" FirstName="Despina" LastName="Donaghey" EMail="Donaghey@detester.com" />
  <Person Id="620" FirstName="Lynwood" LastName="Misty" EMail="Misty@overstep.com" />
  <Person Id="621" FirstName="Stormy" LastName="Tappe" EMail="Tappe@tentacled.com" />
  <Person Id="622" FirstName="Stasia" LastName="Szaflarski" EMail="Szaflarski@taxman.com" />
  <Person Id="623" FirstName="Daina" LastName="Dalzell" EMail="Dalzell@crisscrosses.com" />
  <Person Id="624" FirstName="Precious" LastName="Rosine" EMail="Rosine@salami.com" />
  <Person Id="625" FirstName="Eula" LastName="Frutoz" EMail="Frutoz@evangelism.com" />
  <Person Id="626" FirstName="Emelia" LastName="Finnicum" EMail="Finnicum@enactment.com" />
  <Person Id="627" FirstName="Evan" LastName="Furnas" EMail="Furnas@exasperation.com" />
  <Person Id="628" FirstName="Lee" LastName="Malys" EMail="Malys@mixup.com" />
  <Person Id="629" FirstName="Xuan" LastName="Yearout" EMail="Yearout@wields.com" />
  <Person Id="630" FirstName="Mika" LastName="Pedrogo" EMail="Pedrogo@provinces.com" />
  <Person Id="631" FirstName="Carlotta" LastName="Byham" EMail="Byham@catchment.com" />
  <Person Id="632" FirstName="Ardith" LastName="Beaudoin" EMail="Beaudoin@autonomous.com" />
  <Person Id="633" FirstName="Yulanda" LastName="Zecca" EMail="Zecca@worms.com" />
  <Person Id="634" FirstName="Bruna" LastName="Brookins" EMail="Brookins@bushiness.com" />
  <Person Id="635" FirstName="Lacy" LastName="Lisker" EMail="Lisker@manias.com" />
  <Person Id="636" FirstName="Raeann" LastName="Rufino" EMail="Rufino@scalars.com" />
  <Person Id="637" FirstName="Caitlyn" LastName="Buchannan" EMail="Buchannan@callable.com" />
  <Person Id="638" FirstName="Bradford" LastName="Brackley" EMail="Brackley@brawler.com" />
  <Person Id="639" FirstName="Tennie" LastName="Tremain" EMail="Tremain@transplants.com" />
  <Person Id="640" FirstName="Mandy" LastName="Moura" EMail="Moura@pastured.com" />
  <Person Id="641" FirstName="Lenna" LastName="Marazas" EMail="Marazas@monotonicity.com" />
  <Person Id="642" FirstName="Briana" LastName="Breneman" EMail="Breneman@browner.com" />
  <Person Id="643" FirstName="Brock" LastName="Brockwell" EMail="Brockwell@bureau.com" />
  <Person Id="644" FirstName="Lesley" LastName="Marzan" EMail="Marzan@muffin.com" />
  <Person Id="645" FirstName="Deann" LastName="Depner" EMail="Depner@decontamination.com" />
  <Person Id="646" FirstName="Miguel" LastName="Pecukonis" EMail="Pecukonis@provenance.com" />
  <Person Id="647" FirstName="Corrine" LastName="Crumby" EMail="Crumby@countability.com" />
  <Person Id="648" FirstName="Theresa" LastName="Turturo" EMail="Turturo@tuber.com" />
  <Person Id="649" FirstName="Georgie" LastName="Grandmont" EMail="Grandmont@foothold.com" />
  <Person Id="650" FirstName="Julia" LastName="Kocher" EMail="Kocher@invoking.com" />
  <Person Id="651" FirstName="Hermina" LastName="Hausner" EMail="Hausner@gnomic.com" />
  <Person Id="652" FirstName="Sandie" LastName="Sikula" EMail="Sikula@specifically.com" />
  <Person Id="653" FirstName="Lasandra" LastName="Lovier" EMail="Lovier@meddles.com" />
  <Person Id="654" FirstName="Verdie" LastName="Weckwerth" EMail="Weckwerth@vainglory.com" />
  <Person Id="655" FirstName="Sunni" LastName="Teasdale" EMail="Teasdale@than.com" />
  <Person Id="656" FirstName="Margurite" LastName="Nastase" EMail="Nastase@persecutor.com" />
  <Person Id="657" FirstName="Jerald" LastName="Julitz" EMail="Julitz@impoliteness.com" />
  <Person Id="658" FirstName="Johnny" LastName="Khora" EMail="Khora@ins.com" />
  <Person Id="659" FirstName="Anneliese" LastName="Barnhardt" EMail="Barnhardt@assail.com" />
  <Person Id="660" FirstName="Yolonda" LastName="Zahm" EMail="Zahm@wolfishly.com" />
  <Person Id="661" FirstName="Sherri" LastName="Stinebaugh" EMail="Stinebaugh@suncream.com" />
  <Person Id="662" FirstName="Louvenia" LastName="Menchaca" EMail="Menchaca@ontogeny.com" />
  <Person Id="663" FirstName="Eboni" LastName="Emmitt" EMail="Emmitt@dorsal.com" />
  <Person Id="664" FirstName="Aurelia" LastName="Bevard" EMail="Bevard@beaver.com" />
  <Person Id="665" FirstName="Penny" LastName="Roddy" EMail="Roddy@roughen.com" />
  <Person Id="666" FirstName="Louis" LastName="Mellado" EMail="Mellado@olm.com" />
  <Person Id="667" FirstName="Idalia" LastName="Hernando" EMail="Hernando@guacamole.com" />
  <Person Id="668" FirstName="Cody" LastName="Corsino" EMail="Corsino@contiguity.com" />
  <Person Id="669" FirstName="David" LastName="Demasi" EMail="Demasi@debilitated.com" />
  <Person Id="670" FirstName="Golda" LastName="Guity" EMail="Guity@frontline.com" />
  <Person Id="671" FirstName="Giovanna" LastName="Grothen" EMail="Grothen@framed.com" />
  <Person Id="672" FirstName="Syreeta" LastName="Thaut" EMail="Thaut@throngs.com" />
  <Person Id="673" FirstName="Lani" LastName="Looby" EMail="Looby@matchless.com" />
  <Person Id="674" FirstName="Madeline" LastName="Moises" EMail="Moises@paediatrics.com" />
  <Person Id="675" FirstName="Annemarie" LastName="Barquera" EMail="Barquera@assaults.com" />
  <Person Id="676" FirstName="Reggie" LastName="Samson" EMail="Samson@seducer.com" />
  <Person Id="677" FirstName="Ramiro" LastName="Ruopoli" EMail="Ruopoli@scathing.com" />
  <Person Id="678" FirstName="Margery" LastName="Naimoli" EMail="Naimoli@pergola.com" />
  <Person Id="679" FirstName="Latina" LastName="Luloff" EMail="Luloff@merges.com" />
  <Person Id="680" FirstName="Manuela" LastName="Mozga" EMail="Mozga@pathologically.com" />
  <Person Id="681" FirstName="Bob" LastName="Bouman" EMail="Bouman@bound.com" />
  <Person Id="682" FirstName="Idell" LastName="Herr" EMail="Herr@guardhouse.com" />
  <Person Id="683" FirstName="Darby" LastName="Degolyer" EMail="Degolyer@cystitis.com" />
  <Person Id="684" FirstName="Kimi" LastName="Leimberger" EMail="Leimberger@logically.com" />
  <Person Id="685" FirstName="Ethelyn" LastName="Friedland" EMail="Friedland@estrangement.com" />
  <Person Id="686" FirstName="Ethelene" LastName="Frie" EMail="Frie@estimates.com" />
  <Person Id="687" FirstName="Krishna" LastName="Leupold" EMail="Leupold@lumping.com" />
  <Person Id="688" FirstName="Anabel" LastName="Azimi" EMail="Azimi@anvils.com" />
  <Person Id="689" FirstName="Delinda" LastName="Dickerson" EMail="Dickerson@demarcating.com" />
  <Person Id="690" FirstName="Taina" LastName="Thies" EMail="Thies@thyself.com" />
  <Person Id="691" FirstName="Francesco" LastName="Gheza" EMail="Gheza@feedstock.com" />
  <Person Id="692" FirstName="Mauricio" LastName="Ono" EMail="Ono@postcodes.com" />
  <Person Id="693" FirstName="Antonette" LastName="Bassano" EMail="Bassano@atlantic.com" />
  <Person Id="694" FirstName="Thomas" LastName="Tyms" EMail="Tyms@tuppences.com" />
  <Person Id="695" FirstName="Quiana" LastName="Rovner" EMail="Rovner@sanitation.com" />
  <Person Id="696" FirstName="Violeta" LastName="Whiteleather" EMail="Whiteleather@vinyls.com" />
  <Person Id="697" FirstName="Shara" LastName="Spano" EMail="Spano@stockings.com" />
  <Person Id="698" FirstName="Andreas" LastName="Badillo" EMail="Badillo@appeasement.com" />
  <Person Id="699" FirstName="Rudolph" LastName="Shawgo" EMail="Shawgo@snore.com" />
  <Person Id="700" FirstName="Many" LastName="Mozick" EMail="Mozick@pathologist.com" />
  <Person Id="701" FirstName="Emilee" LastName="Flagge" EMail="Flagge@endeared.com" />
  <Person Id="702" FirstName="Aiko" LastName="Aldas" EMail="Aldas@adaptation.com" />
  <Person Id="703" FirstName="Myrna" LastName="Plauche" EMail="Plauche@ratio.com" />
  <Person Id="704" FirstName="Yer" LastName="Youngman" EMail="Youngman@wipers.com" />
  <Person Id="705" FirstName="Caitlin" LastName="Buchaman" EMail="Buchaman@caliper.com" />
  <Person Id="706" FirstName="Karole" LastName="Kuckens" EMail="Kuckens@kilowatt.com" />
  <Person Id="707" FirstName="Emiko" LastName="Fitzer" EMail="Fitzer@encroachment.com" />
  <Person Id="708" FirstName="Tish" LastName="Valiquette" EMail="Valiquette@unattractive.com" />
  <Person Id="709" FirstName="Telma" LastName="Tran" EMail="Tran@transformative.com" />
  <Person Id="710" FirstName="Britt" LastName="Brinegar" EMail="Brinegar@bulimic.com" />
  <Person Id="711" FirstName="Sidney" LastName="Strobel" EMail="Strobel@swapper.com" />
  <Person Id="712" FirstName="Roselyn" LastName="Selzler" EMail="Selzler@slices.com" />
  <Person Id="713" FirstName="Thelma" LastName="Turchetta" EMail="Turchetta@truncate.com" />
  <Person Id="714" FirstName="Jarred" LastName="Irizary" EMail="Irizary@humiliations.com" />
  <Person Id="715" FirstName="Syreeta" LastName="Thau" EMail="Thau@throngs.com" />
  <Person Id="716" FirstName="Juanita" LastName="Knapper" EMail="Knapper@intrusiveness.com" />
  <Person Id="717" FirstName="Hortensia" LastName="Helmbright" EMail="Helmbright@greatness.com" />
  <Person Id="718" FirstName="Paul" LastName="Riola" EMail="Riola@ritual.com" />
  <Person Id="719" FirstName="Randal" LastName="Ruth" EMail="Ruth@schooled.com" />
  <Person Id="720" FirstName="Joane" LastName="Kazeck" EMail="Kazeck@inelegant.com" />
  <Person Id="721" FirstName="Ayana" LastName="Bierod" EMail="Bierod@behaviourist.com" />
  <Person Id="722" FirstName="Gisela" LastName="Grubel" EMail="Grubel@frangipani.com" />
  <Person Id="723" FirstName="Venita" LastName="Wattles" EMail="Wattles@usurping.com" />
  <Person Id="724" FirstName="Fletcher" LastName="Gehr" EMail="Gehr@fallow.com" />
  <Person Id="725" FirstName="Alvina" LastName="Ashmead" EMail="Ashmead@anathema.com" />
  <Person Id="726" FirstName="Mohamed" LastName="Pia" EMail="Pia@quietens.com" />
  <Person Id="727" FirstName="Shanell" LastName="Sommerfield" EMail="Sommerfield@steelworker.com" />
  <Person Id="728" FirstName="Magda" LastName="Monjaras" EMail="Monjaras@pancakes.com" />
  <Person Id="729" FirstName="Shawanna" LastName="Stahr" EMail="Stahr@structures.com" />
  <Person Id="730" FirstName="Benita" LastName="Bloodworth" EMail="Bloodworth@bishop.com" />
  <Person Id="731" FirstName="Toshiko" LastName="Vayner" EMail="Vayner@undressed.com" />
  <Person Id="732" FirstName="Norris" LastName="Ranck" EMail="Ranck@repack.com" />
  <Person Id="733" FirstName="Sacha" LastName="Shireman" EMail="Shireman@solvents.com" />
  <Person Id="734" FirstName="Theron" LastName="Tweten" EMail="Tweten@tummy.com" />
  <Person Id="735" FirstName="Fredrick" LastName="Giuliano" EMail="Giuliano@final.com" />
  <Person Id="736" FirstName="Bernie" LastName="Boeser" EMail="Boeser@blesses.com" />
  <Person Id="737" FirstName="Mireya" LastName="Peteuil" EMail="Peteuil@puts.com" />
  <Person Id="738" FirstName="Debroah" LastName="Deshotel" EMail="Deshotel@defender.com" />
  <Person Id="739" FirstName="Inger" LastName="Hillsgrove" EMail="Hillsgrove@halftruths.com" />
  <Person Id="740" FirstName="Ryan" LastName="Shillingsford" EMail="Shillingsford@soldierly.com" />
  <Person Id="741" FirstName="Alba" LastName="Allridge" EMail="Allridge@admonishment.com" />
  <Person Id="742" FirstName="Louis" LastName="Melick" EMail="Melick@oldtimer.com" />
  <Person Id="743" FirstName="Carmelita" LastName="Cadmen" EMail="Cadmen@cavers.com" />
  <Person Id="744" FirstName="Burl" LastName="Bruscino" EMail="Bruscino@cafes.com" />
  <Person Id="745" FirstName="Allene" LastName="Argueta" EMail="Argueta@altogether.com" />
  <Person Id="746" FirstName="Kristel" LastName="Lewand" EMail="Lewand@lusts.com" />
  <Person Id="747" FirstName="Pamella" LastName="Rhym" EMail="Rhym@revolvers.com" />
  <Person Id="748" FirstName="Marcene" LastName="Munson" EMail="Munson@pedestrianised.com" />
  <Person Id="749" FirstName="Allen" LastName="Arflack" EMail="Arflack@alternated.com" />
  <Person Id="750" FirstName="Enedina" LastName="Fludd" EMail="Fludd@enlarges.com" />
  <Person Id="751" FirstName="Linnea" LastName="Mccollom" EMail="Mccollom@neuronal.com" />
  <Person Id="752" FirstName="Billy" LastName="Bornstein" EMail="Bornstein@bookable.com" />
  <Person Id="753" FirstName="Elaina" LastName="Etcitty" EMail="Etcitty@drunkenly.com" />
  <Person Id="754" FirstName="Gudrun" LastName="Hagel" EMail="Hagel@galas.com" />
  <Person Id="755" FirstName="Lavern" LastName="Maderas" EMail="Maderas@mincemeat.com" />
  <Person Id="756" FirstName="Trent" LastName="Vermeulen" EMail="Vermeulen@ungrammatical.com" />
  <Person Id="757" FirstName="Arcelia" LastName="Baylock" EMail="Baylock@aunts.com" />
  <Person Id="758" FirstName="Hester" LastName="Hayford" EMail="Hayford@goggles.com" />
  <Person Id="759" FirstName="Verlie" LastName="Wehmann" EMail="Wehmann@vandal.com" />
  <Person Id="760" FirstName="Jannet" LastName="Ingalsbe" EMail="Ingalsbe@howl.com" />
  <Person Id="761" FirstName="Marlyn" LastName="Nolton" EMail="Nolton@plague.com" />
  <Person Id="762" FirstName="Merrie" LastName="Paretti" EMail="Paretti@professionalism.com" />
  <Person Id="763" FirstName="Avril" LastName="Bieberle" EMail="Bieberle@beget.com" />
  <Person Id="764" FirstName="Sammy" LastName="Siebel" EMail="Siebel@sparingly.com" />
  <Person Id="765" FirstName="Clement" LastName="Contopoulos" EMail="Contopoulos@consensually.com" />
  <Person Id="766" FirstName="Cassondra" LastName="Carbon" EMail="Carbon@cheetahs.com" />
  <Person Id="767" FirstName="Yen" LastName="Younger" EMail="Younger@wintriest.com" />
  <Person Id="768" FirstName="Zoe" LastName="Zourkos" EMail="Zourkos@youths.com" />
  <Person Id="769" FirstName="Bettina" LastName="Bongiorno" EMail="Bongiorno@boastful.com" />
  <Person Id="770" FirstName="Rosario" LastName="Segur" EMail="Segur@slandered.com" />
  <Person Id="771" FirstName="Remedios" LastName="Sanluis" EMail="Sanluis@selfdestructs.com" />
  <Person Id="772" FirstName="Christian" LastName="Clater" EMail="Clater@compelling.com" />
  <Person Id="773" FirstName="Gilberte" LastName="Gristede" EMail="Gristede@fossilise.com" />
  <Person Id="774" FirstName="Vania" LastName="Wanberg" EMail="Wanberg@unwrap.com" />
  <Person Id="775" FirstName="Jenine" LastName="Jolivette" EMail="Jolivette@impeach.com" />
  <Person Id="776" FirstName="Kandice" LastName="Kranwinkle" EMail="Kranwinkle@journalistic.com" />
  <Person Id="777" FirstName="Delaine" LastName="Dewaard" EMail="Dewaard@deletes.com" />
  <Person Id="778" FirstName="Shanda" LastName="Soldner" EMail="Soldner@statuesque.com" />
  <Person Id="779" FirstName="Era" LastName="Fonck" EMail="Fonck@ensued.com" />
  <Person Id="780" FirstName="Khalilah" LastName="Lebleu" EMail="Lebleu@literals.com" />
  <Person Id="781" FirstName="Van" LastName="Wallin" EMail="Wallin@unvarnished.com" />
  <Person Id="782" FirstName="Darlene" LastName="Delcolle" EMail="Delcolle@darker.com" />
  <Person Id="783" FirstName="Lorette" LastName="Mcquillen" EMail="Mcquillen@obloquy.com" />
  <Person Id="784" FirstName="Leeanna" LastName="Manary" EMail="Manary@mobiles.com" />
  <Person Id="785" FirstName="Kenna" LastName="Latulippe" EMail="Latulippe@lifeblood.com" />
  <Person Id="786" FirstName="Shandi" LastName="Solera" EMail="Solera@statuses.com" />
  <Person Id="787" FirstName="Johnson" LastName="Kick" EMail="Kick@insecticidal.com" />
  <Person Id="788" FirstName="Joey" LastName="Kennis" EMail="Kennis@inhabits.com" />
  <Person Id="789" FirstName="Hannah" LastName="Hanberg" EMail="Hanberg@gelled.com" />
  <Person Id="790" FirstName="Inga" LastName="Hilfiker" EMail="Hilfiker@haircuts.com" />
  <Person Id="791" FirstName="Alysha" LastName="Astry" EMail="Astry@angled.com" />
  <Person Id="792" FirstName="Evelyn" LastName="Gack" EMail="Gack@excommunicated.com" />
  <Person Id="793" FirstName="Edda" LastName="Engelson" EMail="Engelson@dovetails.com" />
  <Person Id="794" FirstName="Wendie" LastName="Winney" EMail="Winney@warriors.com" />
  <Person Id="795" FirstName="Clair" LastName="Colan" EMail="Colan@condescending.com" />
  <Person Id="796" FirstName="Gary" LastName="Goldfeld" EMail="Goldfeld@flattening.com" />
  <Person Id="797" FirstName="Krista" LastName="Leventhal" EMail="Leventhal@lunging.com" />
  <Person Id="798" FirstName="Eura" LastName="Fuleki" EMail="Fuleki@evidential.com" />
  <Person Id="799" FirstName="Tristan" LastName="Vile" EMail="Vile@unlace.com" />
  <Person Id="800" FirstName="Susana" LastName="Tehrani" EMail="Tehrani@themed.com" />
  <Person Id="801" FirstName="Lance" LastName="Lokuta" EMail="Lokuta@masher.com" />
  <Person Id="802" FirstName="Parthenia" LastName="Ridener" EMail="Ridener@ribcage.com" />
  <Person Id="803" FirstName="Lara" LastName="Losardo" EMail="Losardo@maverick.com" />
  <Person Id="804" FirstName="Dee" LastName="Desorcy" EMail="Desorcy@deficit.com" />
  <Person Id="805" FirstName="Kina" LastName="Leisten" EMail="Leisten@lolled.com" />
  <Person Id="806" FirstName="Jaimie" LastName="Hsy" EMail="Hsy@highways.com" />
  <Person Id="807" FirstName="Palmira" LastName="Reyman" EMail="Reyman@revisable.com" />
  <Person Id="808" FirstName="Fermin" LastName="Gathman" EMail="Gathman@eyepatch.com" />
  <Person Id="809" FirstName="Tomeka" LastName="Vanderwall" EMail="Vanderwall@unclothed.com" />
  <Person Id="810" FirstName="Ashlyn" LastName="Bergsman" EMail="Bergsman@barrister.com" />
  <Person Id="811" FirstName="Nella" LastName="Presnal" EMail="Presnal@rectilinear.com" />
  <Person Id="812" FirstName="Deadra" LastName="Denenberg" EMail="Denenberg@decidedly.com" />
  <Person Id="813" FirstName="Benjamin" LastName="Blow" EMail="Blow@biters.com" />
  <Person Id="814" FirstName="Jewel" LastName="Karnofski" EMail="Karnofski@indelible.com" />
  <Person Id="815" FirstName="Julienne" LastName="Kokko" EMail="Kokko@irreparably.com" />
  <Person Id="816" FirstName="Jenae" LastName="Jest" EMail="Jest@immaculate.com" />
  <Person Id="817" FirstName="Benny" LastName="Boas" EMail="Boas@blackest.com" />
  <Person Id="818" FirstName="Kortney" LastName="Lesneski" EMail="Lesneski@lubricates.com" />
  <Person Id="819" FirstName="Felicidad" LastName="Garrels" EMail="Garrels@extracted.com" />
  <Person Id="820" FirstName="Garret" LastName="Goger" EMail="Goger@flannels.com" />
  <Person Id="821" FirstName="Mickey" LastName="Paysen" EMail="Paysen@protagonists.com" />
  <Person Id="822" FirstName="Lanette" LastName="Longshore" EMail="Longshore@mastodons.com" />
  <Person Id="823" FirstName="Mardell" LastName="Musguire" EMail="Musguire@penicillin.com" />
  <Person Id="824" FirstName="Monika" LastName="Piercey" EMail="Piercey@racial.com" />
  <Person Id="825" FirstName="Rayford" LastName="Saephan" EMail="Saephan@scribe.com" />
  <Person Id="826" FirstName="Judi" LastName="Knezevich" EMail="Knezevich@invalids.com" />
  <Person Id="827" FirstName="Tanisha" LastName="Tokita" EMail="Tokita@topping.com" />
  <Person Id="828" FirstName="Hermina" LastName="Hausner" EMail="Hausner@gnomic.com" />
  <Person Id="829" FirstName="Renato" LastName="Santy" EMail="Santy@senegal.com" />
  <Person Id="830" FirstName="Bob" LastName="Bounleut" EMail="Bounleut@boundedness.com" />
  <Person Id="831" FirstName="Vicenta" LastName="Wenzinger" EMail="Wenzinger@verge.com" />
  <Person Id="832" FirstName="Therese" LastName="Tustison" EMail="Tustison@tucked.com" />
  <Person Id="833" FirstName="Tammera" LastName="Tintle" EMail="Tintle@tokenism.com" />
  <Person Id="834" FirstName="Jackeline" LastName="Hons" EMail="Hons@heavyduty.com" />
  <Person Id="835" FirstName="Willard" LastName="Wollmer" EMail="Wollmer@weedkiller.com" />
  <Person Id="836" FirstName="Daniel" LastName="Days" EMail="Days@culminated.com" />
  <Person Id="837" FirstName="Mica" LastName="Pasaya" EMail="Pasaya@proliferates.com" />
  <Person Id="838" FirstName="Halley" LastName="Hambric" EMail="Hambric@gatecrasher.com" />
  <Person Id="839" FirstName="Angelia" LastName="Balassi" EMail="Balassi@aqua.com" />
  <Person Id="840" FirstName="Betty" LastName="Bonina" EMail="Bonina@boatman.com" />
  <Person Id="841" FirstName="Blaine" LastName="Boscia" EMail="Boscia@booted.com" />
  <Person Id="842" FirstName="Catalina" LastName="Cardeiro" EMail="Cardeiro@chemotherapeutic.com" />
  <Person Id="843" FirstName="Lacey" LastName="Lionberger" EMail="Lionberger@manage.com" />
  <Person Id="844" FirstName="Esteban" LastName="Frazzano" EMail="Frazzano@erica.com" />
  <Person Id="845" FirstName="Mila" LastName="Pelland" EMail="Pelland@pseudopod.com" />
  <Person Id="846" FirstName="Russ" LastName="Shellnut" EMail="Shellnut@soapiest.com" />
  <Person Id="847" FirstName="Delia" LastName="Dibble" EMail="Dibble@deltas.com" />
  <Person Id="848" FirstName="Sabine" LastName="Shinault" EMail="Shinault@solicitors.com" />
  <Person Id="849" FirstName="Keith" LastName="Laniado" EMail="Laniado@legates.com" />
  <Person Id="850" FirstName="Oneida" LastName="Rehak" EMail="Rehak@respect.com" />
  <Person Id="851" FirstName="Dorian" LastName="Easterly" EMail="Easterly@dispensable.com" />
  <Person Id="852" FirstName="Abigail" LastName="Abina" EMail="Abina@abloom.com" />
  <Person Id="853" FirstName="Yolanda" LastName="Zackery" EMail="Zackery@wobbler.com" />
  <Person Id="854" FirstName="Luella" LastName="Michl" EMail="Michl@ousted.com" />
  <Person Id="855" FirstName="Dannette" LastName="Decastro" EMail="Decastro@curt.com" />
  <Person Id="856" FirstName="Zola" LastName="Zuerlein" EMail="Zuerlein@zealotry.com" />
  <Person Id="857" FirstName="Burl" LastName="Bruson" EMail="Bruson@cage.com" />
  <Person Id="858" FirstName="Shanell" LastName="Sommerfeld" EMail="Sommerfeld@steelwork.com" />
  <Person Id="859" FirstName="Joana" LastName="Kayrouz" EMail="Kayrouz@ineffectual.com" />
  <Person Id="860" FirstName="Anisa" LastName="Banko" EMail="Banko@aromatherapist.com" />
  <Person Id="861" FirstName="Kimber" LastName="Lefthand" EMail="Lefthand@lobbyists.com" />
  <Person Id="862" FirstName="Guillermina" LastName="Hagenbaugh" EMail="Hagenbaugh@galilean.com" />
  <Person Id="863" FirstName="Lashaun" LastName="Lowther" EMail="Lowther@mediocre.com" />
  <Person Id="864" FirstName="Saundra" LastName="Sivilay" EMail="Sivilay@sponsorship.com" />
  <Person Id="865" FirstName="Briana" LastName="Brennaman" EMail="Brennaman@brownness.com" />
  <Person Id="866" FirstName="Rodrick" LastName="Schooley" EMail="Schooley@sicilian.com" />
  <Person Id="867" FirstName="Felix" LastName="Gasperini" EMail="Gasperini@exult.com" />
  <Person Id="868" FirstName="Micaela" LastName="Pascoal" EMail="Pascoal@prolonging.com" />
  <Person Id="869" FirstName="Juan" LastName="Klutz" EMail="Klutz@intrinsic.com" />
  <Person Id="870" FirstName="Edwina" LastName="Esenwein" EMail="Esenwein@drifts.com" />
  <Person Id="871" FirstName="Pia" LastName="Romriell" EMail="Romriell@rusts.com" />
  <Person Id="872" FirstName="Nick" LastName="Puig" EMail="Puig@refracts.com" />
  <Person Id="873" FirstName="Jutta" LastName="Korslund" EMail="Korslund@janitor.com" />
  <Person Id="874" FirstName="Delfina" LastName="Diachenko" EMail="Diachenko@deliriously.com" />
  <Person Id="875" FirstName="Dinah" LastName="Drehmer" EMail="Drehmer@digress.com" />
  <Person Id="876" FirstName="Latina" LastName="Lumbra" EMail="Lumbra@merited.com" />
  <Person Id="877" FirstName="Adrianna" LastName="Ahlin" EMail="Ahlin@accurate.com" />
  <Person Id="878" FirstName="Francina" LastName="Giangregorio" EMail="Giangregorio@felon.com" />
  <Person Id="879" FirstName="Alaine" LastName="Allah" EMail="Allah@adjudications.com" />
  <Person Id="880" FirstName="Verline" LastName="Wehner" EMail="Wehner@vandalised.com" />
  <Person Id="881" FirstName="Dollie" LastName="Duban" EMail="Duban@dips.com" />
  <Person Id="882" FirstName="Bell" LastName="Blette" EMail="Blette@biopsy.com" />
  <Person Id="883" FirstName="Stanley" LastName="Sydow" EMail="Sydow@tattooed.com" />
  <Person Id="884" FirstName="Angle" LastName="Bambenek" EMail="Bambenek@arisen.com" />
  <Person Id="885" FirstName="Sharice" LastName="Spence" EMail="Spence@stoppered.com" />
  <Person Id="886" FirstName="Veronica" LastName="Welden" EMail="Welden@velour.com" />
  <Person Id="887" FirstName="Tomasa" LastName="Vanderschaege" EMail="Vanderschaege@uncleared.com" />
  <Person Id="888" FirstName="Erich" LastName="Forden" EMail="Forden@enticement.com" />
  <Person Id="889" FirstName="Dalene" LastName="Danielle" EMail="Danielle@crossbar.com" />
  <Person Id="890" FirstName="William" LastName="Woodlin" EMail="Woodlin@wellbred.com" />
  <Person Id="891" FirstName="Berry" LastName="Bogut" EMail="Bogut@blizzard.com" />
  <Person Id="892" FirstName="Shalanda" LastName="Soberanes" EMail="Soberanes@stargazers.com" />
  <Person Id="893" FirstName="Thi" LastName="Tyberg" EMail="Tyberg@tunics.com" />
  <Person Id="894" FirstName="Zelda" LastName="Zimick" EMail="Zimick@yardstick.com" />
  <Person Id="895" FirstName="Lisabeth" LastName="Mccreless" EMail="Mccreless@newspapers.com" />
  <Person Id="896" FirstName="Odilia" LastName="Rauzman" EMail="Rauzman@reproduces.com" />
  <Person Id="897" FirstName="Lucinda" LastName="Metting" EMail="Metting@originating.com" />
  <Person Id="898" FirstName="Mora" LastName="Pillo" EMail="Pillo@raffles.com" />
  <Person Id="899" FirstName="Cristie" LastName="Curles" EMail="Curles@cozier.com" />
  <Person Id="900" FirstName="Susannah" LastName="Teller" EMail="Teller@theory.com" />
  <Person Id="901" FirstName="Kay" LastName="Lamberson" EMail="Lamberson@lawless.com" />
  <Person Id="902" FirstName="Lavern" LastName="Madeau" EMail="Madeau@miming.com" />
  <Person Id="903" FirstName="Gerry" LastName="Gregg" EMail="Gregg@foretold.com" />
  <Person Id="904" FirstName="Denisse" LastName="Ditzel" EMail="Ditzel@descendent.com" />
  <Person Id="905" FirstName="Willetta" LastName="Wong" EMail="Wong@weightlessly.com" />
  <Person Id="906" FirstName="Laquita" LastName="Lorr" EMail="Lorr@maturity.com" />
  <Person Id="907" FirstName="Kyla" LastName="Lindau" EMail="Lindau@majolica.com" />
  <Person Id="908" FirstName="Rachel" LastName="Rudduck" EMail="Rudduck@sauntered.com" />
  <Person Id="909" FirstName="Graig" LastName="Gustavson" EMail="Gustavson@fulsome.com" />
  <Person Id="910" FirstName="Megan" LastName="Other" EMail="Other@prediction.com" />
  <Person Id="911" FirstName="Yu" LastName="Zappone" EMail="Zappone@wordplay.com" />
  <Person Id="912" FirstName="Rico" LastName="Schech" EMail="Schech@sheepskin.com" />
  <Person Id="913" FirstName="Sara" LastName="Sinon" EMail="Sinon@spire.com" />
  <Person Id="914" FirstName="Katheryn" LastName="Lachat" EMail="Lachat@lampoonery.com" />
  <Person Id="915" FirstName="Rosalba" LastName="Scuderi" EMail="Scuderi@sitters.com" />
  <Person Id="916" FirstName="Jeana" LastName="Janeway" EMail="Janeway@hypothesiser.com" />
  <Person Id="917" FirstName="Karmen" LastName="Kubis" EMail="Kubis@kidneys.com" />
  <Person Id="918" FirstName="Kathrin" LastName="Lafollette" EMail="Lafollette@laps.com" />
  <Person Id="919" FirstName="Wynona" LastName="Yant" EMail="Yant@wholly.com" />
  <Person Id="920" FirstName="Chanda" LastName="Caughey" EMail="Caughey@clapped.com" />
  <Person Id="921" FirstName="Silas" LastName="Strube" EMail="Strube@sweep.com" />
  <Person Id="922" FirstName="Alia" LastName="Anteby" EMail="Anteby@alchemists.com" />
  <Person Id="923" FirstName="Justina" LastName="Korinek" EMail="Korinek@jailbird.com" />
  <Person Id="924" FirstName="Kasie" LastName="Kurkowski" EMail="Kurkowski@knowingly.com" />
  <Person Id="925" FirstName="Clorinda" LastName="Corning" EMail="Corning@container.com" />
  <Person Id="926" FirstName="Tiara" LastName="Ungerleider" EMail="Ungerleider@twirl.com" />
  <Person Id="927" FirstName="Ronna" LastName="Schwuchow" EMail="Schwuchow@sinfulness.com" />
  <Person Id="928" FirstName="Kandace" LastName="Krain" EMail="Krain@jollity.com" />
  <Person Id="929" FirstName="Marlena" LastName="No" EMail="No@pitfall.com" />
  <Person Id="930" FirstName="Kevin" LastName="Leavengood" EMail="Leavengood@listen.com" />
  <Person Id="931" FirstName="Trula" LastName="Vince" EMail="Vince@unmemorised.com" />
  <Person Id="932" FirstName="Eveline" LastName="Gabri" EMail="Gabri@exclusion.com" />
  <Person Id="933" FirstName="Carolynn" LastName="Cambia" EMail="Cambia@chainsmoking.com" />
  <Person Id="934" FirstName="Carie" LastName="Burkitt" EMail="Burkitt@cardiology.com" />
  <Person Id="935" FirstName="Jonah" LastName="Kimbro" EMail="Kimbro@instinctive.com" />
  <Person Id="936" FirstName="Monet" LastName="Piekarski" EMail="Piekarski@race.com" />
  <Person Id="937" FirstName="Olin" LastName="Rebera" EMail="Rebera@researching.com" />
  <Person Id="938" FirstName="Marlin" LastName="Nogoda" EMail="Nogoda@pizzerias.com" />
  <Person Id="939" FirstName="Asa" LastName="Benny" EMail="Benny@banshees.com" />
  <Person Id="940" FirstName="Evelyn" LastName="Gabrielli" EMail="Gabrielli@exclusions.com" />
  <Person Id="941" FirstName="Jenae" LastName="Jester" EMail="Jester@immaculately.com" />
  <Person Id="942" FirstName="Chong" LastName="Cieslik" EMail="Cieslik@commercialisation.com" />
  <Person Id="943" FirstName="Travis" LastName="Verbit" EMail="Verbit@unforced.com" />
  <Person Id="944" FirstName="Laquita" LastName="Lorman" EMail="Lorman@maturer.com" />
  <Person Id="945" FirstName="Yasmine" LastName="Yonker" EMail="Yonker@windy.com" />
  <Person Id="946" FirstName="Ervin" LastName="Francolino" EMail="Francolino@equator.com" />
  <Person Id="947" FirstName="Ahmad" LastName="Albaugh" EMail="Albaugh@activation.com" />
  <Person Id="948" FirstName="Jasmin" LastName="Isett" EMail="Isett@hungered.com" />
  <Person Id="949" FirstName="Cristopher" LastName="Cutchall" EMail="Cutchall@craned.com" />
  <Person Id="950" FirstName="Charis" LastName="Cerbone" EMail="Cerbone@cleverness.com" />
  <Person Id="951" FirstName="Dominica" LastName="Duesing" EMail="Duesing@disappointment.com" />
  <Person Id="952" FirstName="Brian" LastName="Breitung" EMail="Breitung@broomstick.com" />
  <Person Id="953" FirstName="Nellie" LastName="Prete" EMail="Prete@recurrences.com" />
  <Person Id="954" FirstName="Anjelica" LastName="Barbetta" EMail="Barbetta@articulacy.com" />
  <Person Id="955" FirstName="Alexis" LastName="Angelocci" EMail="Angelocci@airconditioned.com" />
  <Person Id="956" FirstName="June" LastName="Konig" EMail="Konig@isotropically.com" />
  <Person Id="957" FirstName="Aura" LastName="Betts" EMail="Betts@beatify.com" />
  <Person Id="958" FirstName="Sherrell" LastName="Stilts" EMail="Stilts@sunbath.com" />
  <Person Id="959" FirstName="Antonette" LastName="Bassano" EMail="Bassano@atlantis.com" />
  <Person Id="960" FirstName="Argentina" LastName="Bechler" EMail="Bechler@avenue.com" />
  <Person Id="961" FirstName="Omega" LastName="Reffitt" EMail="Reffitt@resolvers.com" />
  <Person Id="962" FirstName="Anglea" LastName="Banaszak" EMail="Banaszak@arks.com" />
  <Person Id="963" FirstName="Cami" LastName="Buerkle" EMail="Buerkle@cancellation.com" />
  <Person Id="964" FirstName="Shawanna" LastName="Stainbach" EMail="Stainbach@struggled.com" />
  <Person Id="965" FirstName="Noel" LastName="Rader" EMail="Rader@relieve.com" />
  <Person Id="966" FirstName="Miguelina" LastName="Pedeare" EMail="Pedeare@proves.com" />
  <Person Id="967" FirstName="Marylee" LastName="Ogarro" EMail="Ogarro@polyatomic.com" />
  <Person Id="968" FirstName="Nadia" LastName="Podraza" EMail="Podraza@readably.com" />
  <Person Id="969" FirstName="Alysha" LastName="Astrologo" EMail="Astrologo@angle.com" />
  <Person Id="970" FirstName="Brenna" LastName="Brechbill" EMail="Brechbill@broadloom.com" />
  <Person Id="971" FirstName="Monet" LastName="Piekarski" EMail="Piekarski@race.com" />
  <Person Id="972" FirstName="Shanelle" LastName="Somsy" EMail="Somsy@steepens.com" />
  <Person Id="973" FirstName="Jayson" LastName="Jahde" EMail="Jahde@hyperboloids.com" />
  <Person Id="974" FirstName="Merrie" LastName="Paree" EMail="Paree@professes.com" />
  <Person Id="975" FirstName="Nena" LastName="Pribble" EMail="Pribble@redder.com" />
  <Person Id="976" FirstName="Nan" LastName="Policare" EMail="Policare@reapplied.com" />
  <Person Id="977" FirstName="Bernadine" LastName="Bock" EMail="Bock@blanch.com" />
  <Person Id="978" FirstName="Trula" LastName="Viltz" EMail="Viltz@unmatched.com" />
  <Person Id="979" FirstName="Kellie" LastName="Lapora" EMail="Lapora@lenses.com" />
  <Person Id="980" FirstName="Stefania" LastName="Szumiesz" EMail="Szumiesz@tearaway.com" />
  <Person Id="981" FirstName="Terina" LastName="Trojacek" EMail="Trojacek@trestle.com" />
  <Person Id="982" FirstName="Hector" LastName="Harnos" EMail="Harnos@gimlet.com" />
  <Person Id="983" FirstName="Eloy" LastName="Ferrusi" EMail="Ferrusi@emancipates.com" />
  <Person Id="984" FirstName="Kati" LastName="Laguer" EMail="Laguer@lasts.com" />
  <Person Id="985" FirstName="Eddie" LastName="England" EMail="England@downbeat.com" />
  <Person Id="986" FirstName="Serina" LastName="Smeenk" EMail="Smeenk@stag.com" />
  <Person Id="987" FirstName="Loyce" LastName="Menkin" EMail="Menkin@operative.com" />
  <Person Id="988" FirstName="Bernardine" LastName="Bodwin" EMail="Bodwin@blazers.com" />
  <Person Id="989" FirstName="Brandon" LastName="Branker" EMail="Branker@briar.com" />
  <Person Id="990" FirstName="Yadira" LastName="Yedid" EMail="Yedid@wiggler.com" />
  <Person Id="991" FirstName="Manual" LastName="Mowen" EMail="Mowen@patentee.com" />
  <Person Id="992" FirstName="Song" LastName="Surridge" EMail="Surridge@tactician.com" />
  <Person Id="993" FirstName="Louanne" LastName="Meirick" EMail="Meirick@officiously.com" />
  <Person Id="994" FirstName="Afton" LastName="Aispuro" EMail="Aispuro@acidifying.com" />
  <Person Id="995" FirstName="Lilian" LastName="Mayoral" EMail="Mayoral@nation.com" />
  <Person Id="996" FirstName="Hye" LastName="Hepperly" EMail="Hepperly@groundwork.com" />
  <Person Id="997" FirstName="Angelo" LastName="Balleza" EMail="Balleza@architects.com" />
  <Person Id="998" FirstName="Berenice" LastName="Bobino" EMail="Bobino@blackmails.com" />
  <Person Id="999" FirstName="Roxy" LastName="Shadding" EMail="Shadding@smokiest.com" />
  <Person Id="1000" FirstName="Eugene" LastName="Frohberg" EMail="Frohberg@euphoria.com" />
</People>